date,value
2000-01-03,708.5
2000-01-04,712.35
2000-01-05,726.2
2000-01-06,784.3
2000-01-07,847.05
2000-01-08,847.05
2000-01-09,847.05
2000-01-10,914.85
2000-01-11,883.7
2000-01-12,888.35
2000-01-13,879.75
2000-01-14,887.55
2000-01-15,887.55
2000-01-16,887.55
2000-01-17,817.35
2000-01-18,821.35
2000-01-19,826.1
2000-01-20,786.1
2000-01-21,831.55
2000-01-22,831.55
2000-01-23,831.55
2000-01-24,792.45
2000-01-25,729.55
2000-01-26,729.55
2000-01-27,778.85
2000-01-28,719.2
2000-01-29,719.2
2000-01-30,719.2
2000-01-31,692.2
2000-02-01,701.55
2000-02-02,714.05
2000-02-03,709.1
2000-02-04,695.5
2000-02-05,695.5
2000-02-06,695.5
2000-02-07,747.3
2000-02-08,763.25
2000-02-09,824.35
2000-02-10,890.3
2000-02-11,961.55
2000-02-12,961.55
2000-02-13,961.55
2000-02-14,932.55
2000-02-15,1006.5
2000-02-16,997.2
2000-02-17,1030.1
2000-02-18,956.8
2000-02-19,956.8
2000-02-20,956.8
2000-02-21,979.9
2000-02-22,941.3
2000-02-23,866.05
2000-02-24,842.7
2000-02-25,810.15
2000-02-26,810.15
2000-02-27,810.15
2000-02-28,803.5
2000-02-29,746.85
2000-03-01,753.75
2000-03-02,724.6
2000-03-03,675.35
2000-03-04,675.35
2000-03-05,675.35
2000-03-06,729.4
2000-03-07,780.6
2000-03-08,807.55
2000-03-09,828.7
2000-03-10,837.4
2000-03-11,837.4
2000-03-12,837.4
2000-03-13,829.05
2000-03-14,859
2000-03-15,851.7
2000-03-16,785.65
2000-03-17,785.65
2000-03-18,785.65
2000-03-19,785.65
2000-03-20,785.65
2000-03-21,725.15
2000-03-22,740.45
2000-03-23,704.75
2000-03-24,721.4
2000-03-25,721.4
2000-03-26,721.4
2000-03-27,720.5
2000-03-28,701.95
2000-03-29,723.15
2000-03-30,720.15
2000-03-31,741.45
2000-04-01,741.45
2000-04-02,741.45
2000-04-03,797
2000-04-04,733.25
2000-04-05,698.75
2000-04-06,682.8
2000-04-07,730.95
2000-04-08,730.95
2000-04-09,730.95
2000-04-10,736
2000-04-11,717
2000-04-12,721.85
2000-04-13,685.65
2000-04-14,685.65
2000-04-15,685.65
2000-04-16,685
2000-04-17,630.8
2000-04-18,580.7
2000-04-19,582.2
2000-04-20,575.7
2000-04-21,575.7
2000-04-22,575.7
2000-04-23,575
2000-04-24,530.95
2000-04-25,513.6
2000-04-26,554.7
2000-04-27,574.95
2000-04-28,569.2
2000-04-29,569.2
2000-04-30,569.2
2000-05-01,569
2000-05-02,527.95
2000-05-03,525.7
2000-05-04,549.15
2000-05-05,564.4
2000-05-06,564.4
2000-05-07,564.4
2000-05-08,520.35
2000-05-09,529.1
2000-05-10,533
2000-05-11,533.25
2000-05-12,559.45
2000-05-13,559.45
2000-05-14,559.45
2000-05-15,580.45
2000-05-16,625.8
2000-05-17,618.55
2000-05-18,604.7
2000-05-19,619.05
2000-05-20,619.05
2000-05-21,619.05
2000-05-22,628.45
2000-05-23,643.1
2000-05-24,624.95
2000-05-25,654.55
2000-05-26,671.8
2000-05-27,671.8
2000-05-28,671.8
2000-05-29,670.5
2000-05-30,739.15
2000-05-31,725.6
2000-06-01,695.65
2000-06-02,696.5
2000-06-03,696.5
2000-06-04,696.5
2000-06-05,665.1
2000-06-06,667.95
2000-06-07,688.25
2000-06-08,707.6
2000-06-09,699.5
2000-06-10,699.5
2000-06-11,699.5
2000-06-12,688.25
2000-06-13,689.85
2000-06-14,697.8
2000-06-15,716.9
2000-06-16,723.7
2000-06-17,723.7
2000-06-18,723.7
2000-06-19,737.25
2000-06-20,751.4
2000-06-21,724.95
2000-06-22,736
2000-06-23,739.4
2000-06-24,739.4
2000-06-25,739.4
2000-06-26,724.95
2000-06-27,720.75
2000-06-28,754.4
2000-06-29,798.85
2000-06-30,791.8
2000-07-01,791.8
2000-07-02,791.8
2000-07-03,817.15
2000-07-04,809.65
2000-07-05,798.4
2000-07-06,809.4
2000-07-07,832.95
2000-07-08,832.95
2000-07-09,832.95
2000-07-10,837.95
2000-07-11,863.25
2000-07-12,845.5
2000-07-13,833.3
2000-07-14,824.85
2000-07-15,824.85
2000-07-16,824.85
2000-07-17,781.7
2000-07-18,805.95
2000-07-19,784.7
2000-07-20,769.45
2000-07-21,753.75
2000-07-22,753.75
2000-07-23,753.75
2000-07-24,739.15
2000-07-25,755.7
2000-07-26,732.15
2000-07-27,736.65
2000-07-28,748.05
2000-07-29,748.05
2000-07-30,748.05
2000-07-31,741.95
2000-08-01,751.7
2000-08-02,759.25
2000-08-03,749.55
2000-08-04,761.05
2000-08-05,761.05
2000-08-06,761.05
2000-08-07,775.15
2000-08-08,778.2
2000-08-09,768.4
2000-08-10,767.35
2000-08-11,761.25
2000-08-12,761.25
2000-08-13,761.25
2000-08-14,801.85
2000-08-15,801.85
2000-08-16,818.8
2000-08-17,799.85
2000-08-18,793.55
2000-08-19,793.55
2000-08-20,793.55
2000-08-21,780.9
2000-08-22,766.25
2000-08-23,776.65
2000-08-24,769.5
2000-08-25,760.3
2000-08-26,760.3
2000-08-27,760.3
2000-08-28,763.95
2000-08-29,767
2000-08-30,759.25
2000-08-31,775.95
2000-09-01,775.95
2000-09-02,775.95
2000-09-03,775
2000-09-04,771.45
2000-09-05,772.35
2000-09-06,764.5
2000-09-07,764
2000-09-08,762.7
2000-09-09,762.7
2000-09-10,762.7
2000-09-11,761.1
2000-09-12,830.15
2000-09-13,840.3
2000-09-14,823.55
2000-09-15,805.2
2000-09-16,805.2
2000-09-17,805.2
2000-09-18,779.4
2000-09-19,753.95
2000-09-20,769.3
2000-09-21,772.3
2000-09-22,724.5
2000-09-23,724.5
2000-09-24,724.5
2000-09-25,730.9
2000-09-26,731
2000-09-27,733.3
2000-09-28,709.7
2000-09-29,713.2
2000-09-30,713.2
2000-10-01,713.2
2000-10-02,713
2000-10-03,713.35
2000-10-04,723.95
2000-10-05,723.7
2000-10-06,739.75
2000-10-07,739.75
2000-10-08,739.75
2000-10-09,727
2000-10-10,720.1
2000-10-11,720.55
2000-10-12,745.8
2000-10-13,764.7
2000-10-14,764.7
2000-10-15,764.7
2000-10-16,790.1
2000-10-17,753.15
2000-10-18,740.2
2000-10-19,747.85
2000-10-20,748.2
2000-10-21,748.2
2000-10-22,748.2
2000-10-23,746.6
2000-10-24,759.2
2000-10-25,764.9
2000-10-26,767.6
2000-10-27,756.4
2000-10-28,756.4
2000-10-29,756.4
2000-10-30,750.85
2000-10-31,759.8
2000-11-01,779.75
2000-11-02,821.5
2000-11-03,808.7
2000-11-04,808.7
2000-11-05,808.7
2000-11-06,805.1
2000-11-07,809.4
2000-11-08,788.85
2000-11-09,776.5
2000-11-10,760.4
2000-11-11,760.4
2000-11-12,760.4
2000-11-13,754.2
2000-11-14,765.5
2000-11-15,769.2
2000-11-16,757.3
2000-11-17,770.6
2000-11-18,770.6
2000-11-19,770.6
2000-11-20,769
2000-11-21,778.9
2000-11-22,783.75
2000-11-23,779.6
2000-11-24,783.05
2000-11-25,783.05
2000-11-26,783.05
2000-11-27,787.7
2000-11-28,801.35
2000-11-29,817.15
2000-11-30,817.25
2000-12-01,836.85
2000-12-02,836.85
2000-12-03,836.85
2000-12-04,846.15
2000-12-05,868
2000-12-06,860.75
2000-12-07,862.55
2000-12-08,857.8
2000-12-09,857.8
2000-12-10,857.8
2000-12-11,872.7
2000-12-12,903.4
2000-12-13,918.1
2000-12-14,910.3
2000-12-15,924.5
2000-12-16,924.5
2000-12-17,924.5
2000-12-18,922.55
2000-12-19,916
2000-12-20,896.65
2000-12-21,905.9
2000-12-22,895.75
2000-12-23,895.75
2000-12-24,895.75
2000-12-25,895
2000-12-26,868.4
2000-12-27,870.7
2000-12-28,892.1
2000-12-29,896.1
2000-12-30,896.1
2000-12-31,896.1
2001-01-01,893.85
2001-01-02,907.15
2001-01-03,944.4
2001-01-04,925.5
2001-01-05,936.4
2001-01-06,936.4
2001-01-07,936.4
2001-01-08,910.3
2001-01-09,917.8
2001-01-10,909
2001-01-11,898.95
2001-01-12,872.1
2001-01-13,872.1
2001-01-14,872.1
2001-01-15,866.95
2001-01-16,865.15
2001-01-17,873.35
2001-01-18,897.65
2001-01-19,915.6
2001-01-20,915.6
2001-01-21,915.6
2001-01-22,912.85
2001-01-23,911.55
2001-01-24,909.8
2001-01-25,902.55
2001-01-26,902.55
2001-01-27,902.55
2001-01-28,902
2001-01-29,883.2
2001-01-30,904.45
2001-01-31,910.95
2001-02-01,893.6
2001-02-02,900.1
2001-02-03,900.1
2001-02-04,900.1
2001-02-05,892.3
2001-02-06,877.65
2001-02-07,788.5
2001-02-08,817.55
2001-02-09,812.05
2001-02-10,812.05
2001-02-11,812.05
2001-02-12,811.8
2001-02-13,801
2001-02-14,806.65
2001-02-15,820.6
2001-02-16,812.05
2001-02-17,812.05
2001-02-18,812.05
2001-02-19,794.4
2001-02-20,778.95
2001-02-21,790.1
2001-02-22,819.6
2001-02-23,808.55
2001-02-24,808.55
2001-02-25,808.55
2001-02-26,811.4
2001-02-27,828.35
2001-02-28,776.2
2001-03-01,758.85
2001-03-02,754.15
2001-03-03,754.15
2001-03-04,754.15
2001-03-05,736.3
2001-03-06,736.3
2001-03-07,745.15
2001-03-08,796.3
2001-03-09,791.45
2001-03-10,791.45
2001-03-11,791.45
2001-03-12,764.55
2001-03-13,702.95
2001-03-14,752.95
2001-03-15,773.65
2001-03-16,780.4
2001-03-17,780.4
2001-03-18,780.4
2001-03-19,784.35
2001-03-20,784.3
2001-03-21,799.25
2001-03-22,809.15
2001-03-23,809.35
2001-03-24,809.35
2001-03-25,809.35
2001-03-26,815.15
2001-03-27,815.85
2001-03-28,839.2
2001-03-29,811.9
2001-03-30,814
2001-03-31,814
2001-04-01,814
2001-04-02,814.9
2001-04-03,817.75
2001-04-04,841.4
2001-04-05,841.4
2001-04-06,838.5
2001-04-07,838.5
2001-04-08,838.5
2001-04-09,845.4
2001-04-10,853.7
2001-04-11,835
2001-04-12,811.9
2001-04-13,811.9
2001-04-14,811.9
2001-04-15,811
2001-04-16,823.6
2001-04-17,820.8
2001-04-18,832.45
2001-04-19,845.6
2001-04-20,867.05
2001-04-21,867.05
2001-04-22,867.05
2001-04-23,878.3
2001-04-24,874.9
2001-04-25,870.1
2001-04-26,851.55
2001-04-27,838.15
2001-04-28,838.15
2001-04-29,838.15
2001-04-30,839.2
2001-05-01,839.2
2001-05-02,837.15
2001-05-03,835.95
2001-05-04,830.8
2001-05-05,830.8
2001-05-06,830.8
2001-05-07,835.45
2001-05-08,826.25
2001-05-09,833.75
2001-05-10,830.25
2001-05-11,807.45
2001-05-12,807.45
2001-05-13,807.45
2001-05-14,773.9
2001-05-15,770.85
2001-05-16,770.25
2001-05-17,769.7
2001-05-18,786.05
2001-05-19,786.05
2001-05-20,786.05
2001-05-21,777.45
2001-05-22,771.2
2001-05-23,775.35
2001-05-24,769.7
2001-05-25,768.65
2001-05-26,768.65
2001-05-27,768.65
2001-05-28,773.3
2001-05-29,777.2
2001-05-30,779.95
2001-05-31,796.05
2001-06-01,772
2001-06-02,772
2001-06-03,772
2001-06-04,760
2001-06-05,741.7
2001-06-06,749.8
2001-06-07,739.65
2001-06-08,732.45
2001-06-09,732.45
2001-06-10,732.45
2001-06-11,750.65
2001-06-12,750.3
2001-06-13,751.1
2001-06-14,745.8
2001-06-15,722.85
2001-06-16,722.85
2001-06-17,722.85
2001-06-18,747.35
2001-06-19,789.4
2001-06-20,777.5
2001-06-21,783.55
2001-06-22,784.85
2001-06-23,784.85
2001-06-24,784.85
2001-06-25,764.1
2001-06-26,798.3
2001-06-27,783.3
2001-06-28,772.2
2001-06-29,754.3
2001-06-30,754.3
2001-07-01,754.3
2001-07-02,758.8
2001-07-03,747.65
2001-07-04,770.4
2001-07-05,756.75
2001-07-06,757.8
2001-07-07,757.8
2001-07-08,757.8
2001-07-09,747.2
2001-07-10,754.3
2001-07-11,755.25
2001-07-12,756.5
2001-07-13,781.75
2001-07-14,781.75
2001-07-15,781.75
2001-07-16,788.65
2001-07-17,781.7
2001-07-18,780.65
2001-07-19,787.8
2001-07-20,790.25
2001-07-21,790.25
2001-07-22,790.25
2001-07-23,791.05
2001-07-24,790.5
2001-07-25,788.75
2001-07-26,778.9
2001-07-27,754.3
2001-07-28,754.3
2001-07-29,754.3
2001-07-30,772.95
2001-07-31,792.7
2001-08-01,786.9
2001-08-02,767.3
2001-08-03,759.75
2001-08-04,759.75
2001-08-05,759.75
2001-08-06,759.85
2001-08-07,755.65
2001-08-08,745
2001-08-09,756.05
2001-08-10,738.7
2001-08-11,738.7
2001-08-12,738.7
2001-08-13,737.4
2001-08-14,751.7
2001-08-15,751.7
2001-08-16,733.05
2001-08-17,714.75
2001-08-18,714.75
2001-08-19,714.75
2001-08-20,729.3
2001-08-21,729.5
2001-08-22,729.5
2001-08-23,756.65
2001-08-24,740.2
2001-08-25,740.2
2001-08-26,740.2
2001-08-27,730.7
2001-08-28,728.5
2001-08-29,725.7
2001-08-30,721.25
2001-08-31,720.2
2001-09-01,720.2
2001-09-02,720.2
2001-09-03,720.9
2001-09-04,720.45
2001-09-05,751.45
2001-09-06,677.2
2001-09-07,665.85
2001-09-08,665.85
2001-09-09,665.85
2001-09-10,655.15
2001-09-11,670.5
2001-09-12,671.35
2001-09-13,661
2001-09-14,645.7
2001-09-15,645.7
2001-09-16,645.7
2001-09-17,622.15
2001-09-18,641.75
2001-09-19,636.5
2001-09-20,640.8
2001-09-21,605.65
2001-09-22,605.65
2001-09-23,605.65
2001-09-24,612.15
2001-09-25,590.75
2001-09-26,585.3
2001-09-27,597.8
2001-09-28,579.75
2001-09-29,579.75
2001-09-30,579.75
2001-10-01,595.7
2001-10-02,595.7
2001-10-03,609.55
2001-10-04,603
2001-10-05,603.6
2001-10-06,603.6
2001-10-07,603.6
2001-10-08,593
2001-10-09,607.1
2001-10-10,652.15
2001-10-11,651
2001-10-12,642.7
2001-10-13,642.7
2001-10-14,642.7
2001-10-15,648.95
2001-10-16,649.8
2001-10-17,686.85
2001-10-18,678.8
2001-10-19,692.55
2001-10-20,692.55
2001-10-21,692.55
2001-10-22,655.55
2001-10-23,667.4
2001-10-24,675.15
2001-10-25,676.45
2001-10-26,676.45
2001-10-27,676.45
2001-10-28,676
2001-10-29,671.95
2001-10-30,670.35
2001-10-31,686
2001-11-01,739.6
2001-11-02,679.95
2001-11-03,679.95
2001-11-04,679.95
2001-11-05,646.55
2001-11-06,659.6
2001-11-07,643.15
2001-11-08,657.9
2001-11-09,649.55
2001-11-10,649.55
2001-11-11,649.55
2001-11-12,660.95
2001-11-13,658.9
2001-11-14,661.1
2001-11-15,683.15
2001-11-16,683.15
2001-11-17,683.15
2001-11-18,683
2001-11-19,696.75
2001-11-20,689.5
2001-11-21,703.4
2001-11-22,711.55
2001-11-23,701.95
2001-11-24,701.95
2001-11-25,701.95
2001-11-26,699.55
2001-11-27,682.95
2001-11-28,666.95
2001-11-29,667.3
2001-11-30,667.3
2001-12-01,667.3
2001-12-02,667
2001-12-03,680.15
2001-12-04,701.6
2001-12-05,711.55
2001-12-06,720.2
2001-12-07,708.2
2001-12-08,708.2
2001-12-09,708.2
2001-12-10,713.6
2001-12-11,703.8
2001-12-12,685.15
2001-12-13,690.7
2001-12-14,686.3
2001-12-15,686.3
2001-12-16,686.3
2001-12-17,686
2001-12-18,678.15
2001-12-19,670.55
2001-12-20,678.55
2001-12-21,664.9
2001-12-22,664.9
2001-12-23,664.9
2001-12-24,668.85
2001-12-25,668.85
2001-12-26,670.25
2001-12-27,666.05
2001-12-28,660.8
2001-12-29,660.8
2001-12-30,660.8
2001-12-31,677.6
2002-01-01,684.05
2002-01-02,707.4
2002-01-03,707.75
2002-01-04,706.9
2002-01-05,706.9
2002-01-06,706.9
2002-01-07,711.65
2002-01-08,717.35
2002-01-09,728.95
2002-01-10,737.85
2002-01-11,758.1
2002-01-12,758.1
2002-01-13,758.1
2002-01-14,753.25
2002-01-15,733.7
2002-01-16,727.45
2002-01-17,747.15
2002-01-18,728.95
2002-01-19,728.95
2002-01-20,728.95
2002-01-21,739.85
2002-01-22,739.9
2002-01-23,742.4
2002-01-24,741.4
2002-01-25,724.1
2002-01-26,724.1
2002-01-27,724.1
2002-01-28,707.75
2002-01-29,701.9
2002-01-30,702.75
2002-01-31,694.35
2002-02-01,699.5
2002-02-02,699.5
2002-02-03,699.5
2002-02-04,696.9
2002-02-05,699.45
2002-02-06,698.75
2002-02-07,699.85
2002-02-08,715.25
2002-02-09,715.25
2002-02-10,715.25
2002-02-11,714.35
2002-02-12,703
2002-02-13,701.7
2002-02-14,709.45
2002-02-15,726.2
2002-02-16,726.2
2002-02-17,726.2
2002-02-18,746.65
2002-02-19,749.5
2002-02-20,728.15
2002-02-21,737.6
2002-02-22,748.9
2002-02-23,748.9
2002-02-24,748.9
2002-02-25,726.45
2002-02-26,724.15
2002-02-27,730.85
2002-02-28,743.2
2002-03-01,758.15
2002-03-02,758.15
2002-03-03,758.15
2002-03-04,731.15
2002-03-05,714.9
2002-03-06,711.6
2002-03-07,722.95
2002-03-08,713.05
2002-03-09,713.05
2002-03-10,713.05
2002-03-11,715.75
2002-03-12,719.8
2002-03-13,719.55
2002-03-14,716.6
2002-03-15,711
2002-03-16,711
2002-03-17,711
2002-03-18,708.25
2002-03-19,711.1
2002-03-20,715.9
2002-03-21,708.9
2002-03-22,707.45
2002-03-23,707.45
2002-03-24,707.45
2002-03-25,707
2002-03-26,703.25
2002-03-27,691.85
2002-03-28,696.7
2002-03-29,696.7
2002-03-30,696.7
2002-03-31,696
2002-04-01,706.3
2002-04-02,698.65
2002-04-03,688.65
2002-04-04,687
2002-04-05,672.5
2002-04-06,672.5
2002-04-07,672.5
2002-04-08,647.75
2002-04-09,626.3
2002-04-10,626.2
2002-04-11,632
2002-04-12,648.05
2002-04-13,648.05
2002-04-14,648.05
2002-04-15,643.95
2002-04-16,636.75
2002-04-17,638.4
2002-04-18,640.85
2002-04-19,635.25
2002-04-20,635.25
2002-04-21,635.25
2002-04-22,642
2002-04-23,636.2
2002-04-24,638.7
2002-04-25,612.85
2002-04-26,618.65
2002-04-27,618.65
2002-04-28,618.65
2002-04-29,607.7
2002-04-30,629.65
2002-05-01,629.65
2002-05-02,626.7
2002-05-03,628.3
2002-05-04,628.3
2002-05-05,628.3
2002-05-06,630.05
2002-05-07,638.95
2002-05-08,643.45
2002-05-09,645.5
2002-05-10,642.2
2002-05-11,642.2
2002-05-12,642.2
2002-05-13,636.55
2002-05-14,633.95
2002-05-15,632.5
2002-05-16,632.4
2002-05-17,632.25
2002-05-18,632.25
2002-05-19,632.25
2002-05-20,632.35
2002-05-21,610.9
2002-05-22,617.9
2002-05-23,580.35
2002-05-24,612.1
2002-05-25,612.1
2002-05-26,612.1
2002-05-27,611.4
2002-05-28,591.7
2002-05-29,593.45
2002-05-30,607.5
2002-05-31,609
2002-06-01,609
2002-06-02,609
2002-06-03,619.75
2002-06-04,618.95
2002-06-05,645.65
2002-06-06,624.6
2002-06-07,622.45
2002-06-08,622.45
2002-06-09,622.45
2002-06-10,619.75
2002-06-11,615.35
2002-06-12,610.85
2002-06-13,608.85
2002-06-14,613.5
2002-06-15,613.5
2002-06-16,613.5
2002-06-17,624.25
2002-06-18,623.4
2002-06-19,613.6
2002-06-20,605.35
2002-06-21,620.7
2002-06-22,620.7
2002-06-23,620.7
2002-06-24,633.7
2002-06-25,627.45
2002-06-26,629.1
2002-06-27,640.5
2002-06-28,640.85
2002-06-29,640.85
2002-06-30,640.85
2002-07-01,668.35
2002-07-02,686.4
2002-07-03,669.35
2002-07-04,700.7
2002-07-05,718.6
2002-07-06,718.6
2002-07-07,718.6
2002-07-08,701.1
2002-07-09,707.35
2002-07-10,695.2
2002-07-11,700.45
2002-07-12,696.25
2002-07-13,696.25
2002-07-14,696.25
2002-07-15,700.65
2002-07-16,700.4
2002-07-17,697.45
2002-07-18,689.9
2002-07-19,674.1
2002-07-20,674.1
2002-07-21,674.1
2002-07-22,653.7
2002-07-23,650.2
2002-07-24,620.75
2002-07-25,620.2
2002-07-26,634.75
2002-07-27,634.75
2002-07-28,634.75
2002-07-29,634.1
2002-07-30,633.65
2002-07-31,628.9
2002-08-01,638.3
2002-08-02,670.8
2002-08-03,670.8
2002-08-04,670.8
2002-08-05,690.45
2002-08-06,676.85
2002-08-07,677.6
2002-08-08,655.6
2002-08-09,672.2
2002-08-10,672.2
2002-08-11,672.2
2002-08-12,665.7
2002-08-13,676.95
2002-08-14,689.6
2002-08-15,689.6
2002-08-16,698.9
2002-08-17,698.9
2002-08-18,698.9
2002-08-19,690.6
2002-08-20,691.5
2002-08-21,682.75
2002-08-22,679.45
2002-08-23,684.4
2002-08-24,684.4
2002-08-25,684.4
2002-08-26,675
2002-08-27,675.65
2002-08-28,681.1
2002-08-29,702.1
2002-08-30,699.45
2002-08-31,699.45
2002-09-01,699.45
2002-09-02,687.25
2002-09-03,679.15
2002-09-04,678.3
2002-09-05,684.75
2002-09-06,662.45
2002-09-07,662.45
2002-09-08,662.45
2002-09-09,656.95
2002-09-10,656.95
2002-09-11,662.5
2002-09-12,683.15
2002-09-13,684.6
2002-09-14,684.6
2002-09-15,684.6
2002-09-16,668.4
2002-09-17,667.95
2002-09-18,664.25
2002-09-19,657
2002-09-20,657.45
2002-09-21,657.45
2002-09-22,657.45
2002-09-23,658.45
2002-09-24,656.05
2002-09-25,656.05
2002-09-26,653.65
2002-09-27,654.5
2002-09-28,654.5
2002-09-29,654.5
2002-09-30,650
2002-10-01,649.75
2002-10-02,649.75
2002-10-03,647.7
2002-10-04,635.05
2002-10-05,635.05
2002-10-06,635.05
2002-10-07,642.85
2002-10-08,642.9
2002-10-09,649.2
2002-10-10,642.3
2002-10-11,640.65
2002-10-12,640.65
2002-10-13,640.65
2002-10-14,646.9
2002-10-15,646.9
2002-10-16,649.6
2002-10-17,650.55
2002-10-18,648.75
2002-10-19,648.75
2002-10-20,648.75
2002-10-21,641.3
2002-10-22,645.55
2002-10-23,647.65
2002-10-24,636.05
2002-10-25,639.25
2002-10-26,639.25
2002-10-27,639.25
2002-10-28,630.5
2002-10-29,620
2002-10-30,612.65
2002-10-31,614.15
2002-11-01,620.2
2002-11-02,620.2
2002-11-03,620.2
2002-11-04,622.8
2002-11-05,627.45
2002-11-06,627.45
2002-11-07,621.5
2002-11-08,614.7
2002-11-09,614.7
2002-11-10,614.7
2002-11-11,616.6
2002-11-12,613.1
2002-11-13,610.45
2002-11-14,611.2
2002-11-15,617.55
2002-11-16,617.55
2002-11-17,617.55
2002-11-18,625.75
2002-11-19,625.75
2002-11-20,624.65
2002-11-21,628.7
2002-11-22,633.85
2002-11-23,633.85
2002-11-24,633.85
2002-11-25,644.05
2002-11-26,634.9
2002-11-27,624
2002-11-28,642.05
2002-11-29,634.95
2002-11-30,634.95
2002-12-01,634.95
2002-12-02,650.15
2002-12-03,650
2002-12-04,647.65
2002-12-05,649.6
2002-12-06,657.8
2002-12-07,657.8
2002-12-08,657.8
2002-12-09,650.25
2002-12-10,660.55
2002-12-11,650
2002-12-12,656.5
2002-12-13,673.2
2002-12-14,673.2
2002-12-15,673.2
2002-12-16,677
2002-12-17,658.85
2002-12-18,678.05
2002-12-19,669.55
2002-12-20,669.1
2002-12-21,669.1
2002-12-22,669.1
2002-12-23,667.5
2002-12-24,662.25
2002-12-25,662.25
2002-12-26,661.75
2002-12-27,665.65
2002-12-28,665.65
2002-12-29,665.65
2002-12-30,662.65
2002-12-31,660.9
2003-01-01,659.3
2003-01-02,660.7
2003-01-03,675.9
2003-01-04,675.9
2003-01-05,675.9
2003-01-06,672.2
2003-01-07,678
2003-01-08,681.45
2003-01-09,677.15
2003-01-10,682.4
2003-01-11,682.4
2003-01-12,682.4
2003-01-13,682.15
2003-01-14,670.35
2003-01-15,681.6
2003-01-16,681.5
2003-01-17,678.25
2003-01-18,678.25
2003-01-19,678.25
2003-01-20,678.75
2003-01-21,659.8
2003-01-22,654.85
2003-01-23,654
2003-01-24,652.85
2003-01-25,652.85
2003-01-26,652.85
2003-01-27,642.4
2003-01-28,646.05
2003-01-29,631.5
2003-01-30,628.6
2003-01-31,638.75
2003-02-01,638.75
2003-02-02,638.75
2003-02-03,651.55
2003-02-04,648.45
2003-02-05,639.65
2003-02-06,642.3
2003-02-07,637.6
2003-02-08,637.6
2003-02-09,637.6
2003-02-10,630.6
2003-02-11,632.3
2003-02-12,629.7
2003-02-13,629.7
2003-02-14,629.45
2003-02-15,629.45
2003-02-16,629.45
2003-02-17,635.6
2003-02-18,639.85
2003-02-19,642.75
2003-02-20,636.05
2003-02-21,639.95
2003-02-22,639.95
2003-02-23,639.95
2003-02-24,633.55
2003-02-25,630.85
2003-02-26,638.75
2003-02-27,640.7
2003-02-28,650.8
2003-03-01,650.8
2003-03-02,650.8
2003-03-03,649.1
2003-03-04,643.4
2003-03-05,639.85
2003-03-06,635
2003-03-07,641.1
2003-03-08,641.1
2003-03-09,641.1
2003-03-10,640.9
2003-03-11,642.75
2003-03-12,640.75
2003-03-13,634.75
2003-03-14,634.75
2003-03-15,634.75
2003-03-16,634
2003-03-17,624.15
2003-03-18,624.15
2003-03-19,627.2
2003-03-20,626
2003-03-21,615.35
2003-03-22,620.5
2003-03-23,620.5
2003-03-24,611.4
2003-03-25,614.4
2003-03-26,626.9
2003-03-27,626.95
2003-03-28,630.95
2003-03-29,630.95
2003-03-30,630.95
2003-03-31,628.25
2003-04-01,625.9
2003-04-02,626.05
2003-04-03,632.25
2003-04-04,637.25
2003-04-05,637.25
2003-04-06,637.25
2003-04-07,657.65
2003-04-08,661.45
2003-04-09,658.25
2003-04-10,673.5
2003-04-11,674.8
2003-04-12,674.8
2003-04-13,674.8
2003-04-14,674
2003-04-15,674.25
2003-04-16,686.2
2003-04-17,683.4
2003-04-18,683.4
2003-04-19,683.4
2003-04-20,683
2003-04-21,675.15
2003-04-22,665.35
2003-04-23,664.8
2003-04-24,663.1
2003-04-25,665.15
2003-04-26,665.15
2003-04-27,665.15
2003-04-28,679.75
2003-04-29,683.5
2003-04-30,682.95
2003-05-01,682.95
2003-05-02,680.5
2003-05-03,680.5
2003-05-04,680.5
2003-05-05,679.6
2003-05-06,681.25
2003-05-07,676
2003-05-08,661.85
2003-05-09,663.95
2003-05-10,663.95
2003-05-11,663.95
2003-05-12,676.35
2003-05-13,670.85
2003-05-14,668.3
2003-05-15,672.4
2003-05-16,699.85
2003-05-17,699.85
2003-05-18,699.85
2003-05-19,703
2003-05-20,700.9
2003-05-21,706.4
2003-05-22,693.85
2003-05-23,679.9
2003-05-24,679.9
2003-05-25,679.9
2003-05-26,688.15
2003-05-27,695.7
2003-05-28,691.55
2003-05-29,688.5
2003-05-30,694.15
2003-05-31,694.15
2003-06-01,694.15
2003-06-02,702.75
2003-06-03,683.65
2003-06-04,679.75
2003-06-05,690.45
2003-06-06,706.25
2003-06-07,706.25
2003-06-08,706.25
2003-06-09,713.55
2003-06-10,705.85
2003-06-11,700.65
2003-06-12,713.6
2003-06-13,711
2003-06-14,711
2003-06-15,711
2003-06-16,706.95
2003-06-17,714.3
2003-06-18,729.15
2003-06-19,734
2003-06-20,743.75
2003-06-21,743.75
2003-06-22,743.75
2003-06-23,746.85
2003-06-24,732.5
2003-06-25,742.9
2003-06-26,768.1
2003-06-27,761.3
2003-06-28,761.3
2003-06-29,761.3
2003-06-30,767.4
2003-07-01,753.65
2003-07-02,759.65
2003-07-03,757.15
2003-07-04,770.85
2003-07-05,770.85
2003-07-06,770.85
2003-07-07,765.9
2003-07-08,775.1
2003-07-09,771.6
2003-07-10,763.85
2003-07-11,757.35
2003-07-12,757.35
2003-07-13,757.35
2003-07-14,755.7
2003-07-15,736.95
2003-07-16,754.65
2003-07-17,752.9
2003-07-18,744.9
2003-07-19,744.9
2003-07-20,744.9
2003-07-21,726.7
2003-07-22,722.5
2003-07-23,726.1
2003-07-24,743.2
2003-07-25,735.6
2003-07-26,735.6
2003-07-27,735.6
2003-07-28,740.4
2003-07-29,739.05
2003-07-30,726.1
2003-07-31,717.5
2003-08-01,720.25
2003-08-02,720.25
2003-08-03,720.25
2003-08-04,729.3
2003-08-05,731.75
2003-08-06,731.9
2003-08-07,738.35
2003-08-08,761.7
2003-08-09,761.7
2003-08-10,761.7
2003-08-11,768.35
2003-08-12,772.05
2003-08-13,770.7
2003-08-14,762.8
2003-08-15,762.8
2003-08-16,762.8
2003-08-17,762
2003-08-18,770.6
2003-08-19,768.35
2003-08-20,763.8
2003-08-21,784.55
2003-08-22,808.3
2003-08-23,808.3
2003-08-24,808.3
2003-08-25,773.85
2003-08-26,793.35
2003-08-27,809.5
2003-08-28,817
2003-08-29,832.25
2003-08-30,832.25
2003-08-31,832.25
2003-09-01,855.5
2003-09-02,849.9
2003-09-03,833.25
2003-09-04,810.1
2003-09-05,836.3
2003-09-06,836.3
2003-09-07,836.3
2003-09-08,851.2
2003-09-09,826.75
2003-09-10,840.55
2003-09-11,819.8
2003-09-12,804.55
2003-09-13,804.55
2003-09-14,804.55
2003-09-15,793.05
2003-09-16,797.05
2003-09-17,783.55
2003-09-18,774.25
2003-09-19,794.9
2003-09-20,794.9
2003-09-21,794.9
2003-09-22,780.25
2003-09-23,790
2003-09-24,820.3
2003-09-25,811.55
2003-09-26,820.7
2003-09-27,820.7
2003-09-28,820.7
2003-09-29,813.85
2003-09-30,800.9
2003-10-01,810.5
2003-10-02,810.5
2003-10-03,809.75
2003-10-04,809.75
2003-10-05,809.75
2003-10-06,838.95
2003-10-07,838.3
2003-10-08,843.25
2003-10-09,878.75
2003-10-10,889.15
2003-10-11,889.15
2003-10-12,889.15
2003-10-13,903.95
2003-10-14,876.95
2003-10-15,883.25
2003-10-16,896.15
2003-10-17,885.8
2003-10-18,885.8
2003-10-19,885.8
2003-10-20,876.25
2003-10-21,872.6
2003-10-22,875.95
2003-10-23,848.15
2003-10-24,857.9
2003-10-25,872.25
2003-10-26,872.25
2003-10-27,865.3
2003-10-28,868.6
2003-10-29,863
2003-10-30,860.4
2003-10-31,866.75
2003-11-01,866.75
2003-11-02,866.75
2003-11-03,886.6
2003-11-04,900.2
2003-11-05,888.8
2003-11-06,877.15
2003-11-07,863.8
2003-11-08,863.8
2003-11-09,863.8
2003-11-10,862.2
2003-11-11,865.35
2003-11-12,850.85
2003-11-13,853.75
2003-11-14,855
2003-11-15,860.05
2003-11-16,860.05
2003-11-17,859.5
2003-11-18,863.8
2003-11-19,869.55
2003-11-20,861.1
2003-11-21,873.25
2003-11-22,873.25
2003-11-23,873.25
2003-11-24,859.8
2003-11-25,855.35
2003-11-26,855.35
2003-11-27,855.25
2003-11-28,857.45
2003-11-29,857.45
2003-11-30,857.45
2003-12-01,871.85
2003-12-02,876.8
2003-12-03,875.25
2003-12-04,899.85
2003-12-05,910.7
2003-12-06,910.7
2003-12-07,910.7
2003-12-08,913.05
2003-12-09,949.6
2003-12-10,978.15
2003-12-11,973.15
2003-12-12,966.85
2003-12-13,966.85
2003-12-14,966.85
2003-12-15,994.75
2003-12-16,1031.95
2003-12-17,1012.7
2003-12-18,987.65
2003-12-19,988.3
2003-12-20,988.3
2003-12-21,988.3
2003-12-22,986.7
2003-12-23,975.45
2003-12-24,976.9
2003-12-25,976.9
2003-12-26,975.05
2003-12-27,975.05
2003-12-28,975.05
2003-12-29,995
2003-12-30,983.85
2003-12-31,983.5
2004-01-01,994.8
2004-01-02,1022.9
2004-01-03,1022.9
2004-01-04,1022.9
2004-01-05,1061.05
2004-01-06,1033.8
2004-01-07,1025.1
2004-01-08,1076.7
2004-01-09,1085.7
2004-01-10,1085.7
2004-01-11,1085.7
2004-01-12,1113.95
2004-01-13,1101.1
2004-01-14,1133.8
2004-01-15,1135.6
2004-01-16,1121.2
2004-01-17,1121.2
2004-01-18,1121.2
2004-01-19,1140.05
2004-01-20,1121.1
2004-01-21,1106.05
2004-01-22,1079.65
2004-01-23,1028.8
2004-01-24,1028.8
2004-01-25,1028.8
2004-01-26,1028
2004-01-27,1053.55
2004-01-28,1017.6
2004-01-29,1028.7
2004-01-30,1024.9
2004-01-31,1024.9
2004-02-01,1024.9
2004-02-02,1024
2004-02-03,1010.9
2004-02-04,1001.5
2004-02-05,974.85
2004-02-06,990.1
2004-02-07,990.1
2004-02-08,990.1
2004-02-09,995.7
2004-02-10,1004.8
2004-02-11,1009.45
2004-02-12,1009.75
2004-02-13,1058.95
2004-02-14,1058.95
2004-02-15,1058.95
2004-02-16,1070.7
2004-02-17,1080.25
2004-02-18,1079.6
2004-02-19,1078.75
2004-02-20,1091.1
2004-02-21,1091.1
2004-02-22,1091.1
2004-02-23,1089.75
2004-02-24,1112.3
2004-02-25,1075.95
2004-02-26,1091.65
2004-02-27,1100.5
2004-02-28,1100.5
2004-02-29,1100.5
2004-03-01,1140.45
2004-03-02,1140.45
2004-03-03,1174.7
2004-03-04,1164.7
2004-03-05,1166.6
2004-03-06,1166.6
2004-03-07,1166.6
2004-03-08,1176.15
2004-03-09,1168.75
2004-03-10,1171.45
2004-03-11,1148.15
2004-03-12,1134.4
2004-03-13,1134.4
2004-03-14,1134.4
2004-03-15,1101.15
2004-03-16,1076.1
2004-03-17,1091.55
2004-03-18,1086.15
2004-03-19,1070.15
2004-03-20,1070.15
2004-03-21,1070.15
2004-03-22,1072.4
2004-03-23,1078.95
2004-03-24,1067.1
2004-03-25,1069
2004-03-26,1071.25
2004-03-27,1071.25
2004-03-28,1071.25
2004-03-29,1067.1
2004-03-30,1050.45
2004-03-31,1043.1
2004-04-01,1082.8
2004-04-02,1086.7
2004-04-03,1086.7
2004-04-04,1086.7
2004-04-05,1089.95
2004-04-06,1084.45
2004-04-07,1092.3
2004-04-08,1090
2004-04-09,1090
2004-04-10,1090
2004-04-11,1090
2004-04-12,1075.7
2004-04-13,1085.95
2004-04-14,1085.95
2004-04-15,1087.7
2004-04-16,1086.8
2004-04-17,1075.7
2004-04-18,1075.7
2004-04-19,1086.8
2004-04-20,1076.05
2004-04-21,1079.15
2004-04-22,1080.25
2004-04-23,1080.65
2004-04-24,1080.65
2004-04-25,1080.65
2004-04-26,1080
2004-04-27,1057.25
2004-04-28,1057.95
2004-04-29,1066.15
2004-04-30,1076.6
2004-05-01,1076.6
2004-05-02,1076.6
2004-05-03,1072.95
2004-05-04,1062.4
2004-05-05,1056.9
2004-05-06,1046.9
2004-05-07,1029.85
2004-05-08,1029.85
2004-05-09,1029.85
2004-05-10,999.45
2004-05-11,934.65
2004-05-12,933.2
2004-05-13,952.45
2004-05-14,916.7
2004-05-15,916.7
2004-05-16,916.7
2004-05-17,827.25
2004-05-18,905.85
2004-05-19,899
2004-05-20,887.8
2004-05-21,897.3
2004-05-22,897.3
2004-05-23,897.3
2004-05-24,919.1
2004-05-25,924.05
2004-05-26,889.85
2004-05-27,915.1
2004-05-28,880.45
2004-05-29,880.45
2004-05-30,880.45
2004-05-31,878
2004-06-01,902.95
2004-06-02,901.05
2004-06-03,877.25
2004-06-04,876.1
2004-06-05,876.1
2004-06-06,876.1
2004-06-07,889.8
2004-06-08,893.95
2004-06-09,893
2004-06-10,897
2004-06-11,889.6
2004-06-12,889.6
2004-06-13,889.6
2004-06-14,877.3
2004-06-15,883.5
2004-06-16,884.9
2004-06-17,891.65
2004-06-18,866.9
2004-06-19,866.9
2004-06-20,866.9
2004-06-21,858.35
2004-06-22,860.65
2004-06-23,847.15
2004-06-24,860.85
2004-06-25,867.1
2004-06-26,867.1
2004-06-27,867.1
2004-06-28,871.25
2004-06-29,876.85
2004-06-30,886.9
2004-07-01,886.75
2004-07-02,909.05
2004-07-03,909.05
2004-07-04,909.05
2004-07-05,915.8
2004-07-06,937.8
2004-07-07,965.4
2004-07-08,978.6
2004-07-09,1051.45
2004-07-10,1051.45
2004-07-11,1051.45
2004-07-12,1053.85
2004-07-13,1044.7
2004-07-14,1007.5
2004-07-15,994.2
2004-07-16,1024.5
2004-07-17,1024.5
2004-07-18,1024.5
2004-07-19,1016.15
2004-07-20,995.75
2004-07-21,993.3
2004-07-22,984.85
2004-07-23,1001.35
2004-07-24,1001.35
2004-07-25,1001.35
2004-07-26,1052.1
2004-07-27,1051
2004-07-28,1035.35
2004-07-29,1046.75
2004-07-30,1037.7
2004-07-31,1037.7
2004-08-01,1037.7
2004-08-02,1033.55
2004-08-03,1012.8
2004-08-04,1036.95
2004-08-05,1046.65
2004-08-06,1046.15
2004-08-07,1046.15
2004-08-08,1046.15
2004-08-09,1047.45
2004-08-10,1040.05
2004-08-11,1046.05
2004-08-12,1041.1
2004-08-13,1019.2
2004-08-14,1019.2
2004-08-15,1019.2
2004-08-16,1037.3
2004-08-17,1018.7
2004-08-18,1005.95
2004-08-19,1033.85
2004-08-20,1024.85
2004-08-21,1024.85
2004-08-22,1024.85
2004-08-23,1016.3
2004-08-24,1029.35
2004-08-25,1033.95
2004-08-26,1043.45
2004-08-27,1024.2
2004-08-28,1024.2
2004-08-29,1024.2
2004-08-30,1041
2004-08-31,1046.8
2004-09-01,1047.35
2004-09-02,1038.6
2004-09-03,1038.65
2004-09-04,1038.65
2004-09-05,1038.65
2004-09-06,1035.3
2004-09-07,1042.25
2004-09-08,1042.8
2004-09-09,1079.85
2004-09-10,1105.75
2004-09-11,1105.75
2004-09-12,1105.75
2004-09-13,1103.05
2004-09-14,1086.55
2004-09-15,1090.8
2004-09-16,1142.35
2004-09-17,1174.95
2004-09-18,1174.95
2004-09-19,1174.95
2004-09-20,1183.6
2004-09-21,1177.95
2004-09-22,1166.15
2004-09-23,1160.25
2004-09-24,1152.25
2004-09-25,1152.25
2004-09-26,1152.25
2004-09-27,1138.9
2004-09-28,1128.1
2004-09-29,1137.7
2004-09-30,1137.15
2004-10-01,1128.55
2004-10-02,1128.55
2004-10-03,1128.55
2004-10-04,1145.75
2004-10-05,1146.1
2004-10-06,1126.5
2004-10-07,1120.85
2004-10-08,1117.35
2004-10-09,1117.55
2004-10-10,1117.55
2004-10-11,1110.25
2004-10-12,1106.4
2004-10-13,1106.4
2004-10-14,1117.95
2004-10-15,1117.95
2004-10-16,1117.95
2004-10-17,1117.95
2004-10-18,1103.25
2004-10-19,1099.05
2004-10-20,1090.6
2004-10-21,1084.5
2004-10-22,1084.5
2004-10-23,1084.5
2004-10-24,1084
2004-10-25,1080
2004-10-26,1088.75
2004-10-27,1085.55
2004-10-28,1086.25
2004-10-29,1087.7
2004-10-30,1087.7
2004-10-31,1087.7
2004-11-01,1086.05
2004-11-02,1125.5
2004-11-03,1136.15
2004-11-04,1120.4
2004-11-05,1128.3
2004-11-06,1128.3
2004-11-07,1128.3
2004-11-08,1125.2
2004-11-09,1128.75
2004-11-10,1142.95
2004-11-11,1148.3
2004-11-12,1148.05
2004-11-13,1148.05
2004-11-14,1148.05
2004-11-15,1148
2004-11-16,1149.75
2004-11-17,1137.85
2004-11-18,1129.35
2004-11-19,1142.65
2004-11-20,1142.65
2004-11-21,1142.65
2004-11-22,1149.2
2004-11-23,1191.75
2004-11-24,1254.25
2004-11-25,1273.65
2004-11-26,1273.65
2004-11-27,1273.65
2004-11-28,1273
2004-11-29,1291.1
2004-11-30,1288.8
2004-12-01,1289.65
2004-12-02,1285.35
2004-12-03,1280.7
2004-12-04,1280.7
2004-12-05,1280.7
2004-12-06,1265.7
2004-12-07,1275.45
2004-12-08,1266.35
2004-12-09,1277.35
2004-12-10,1266.9
2004-12-11,1266.9
2004-12-12,1266.9
2004-12-13,1266.5
2004-12-14,1278.5
2004-12-15,1279.75
2004-12-16,1274.6
2004-12-17,1255.45
2004-12-18,1255.45
2004-12-19,1255.45
2004-12-20,1266.45
2004-12-21,1311.9
2004-12-22,1305.8
2004-12-23,1300
2004-12-24,1298.85
2004-12-25,1298.85
2004-12-26,1298.85
2004-12-27,1309.8
2004-12-28,1319.75
2004-12-29,1322.1
2004-12-30,1294.3
2004-12-31,1310.75
2005-01-01,1310.75
2005-01-02,1310.75
2005-01-03,1313.15
2005-01-04,1314.5
2005-01-05,1296.8
2005-01-06,1276.7
2005-01-07,1300.2
2005-01-08,1300.2
2005-01-09,1300.2
2005-01-10,1274.45
2005-01-11,1271.4
2005-01-12,1271.05
2005-01-13,1244.45
2005-01-14,1253
2005-01-15,1253
2005-01-16,1253
2005-01-17,1242.8
2005-01-18,1250.05
2005-01-19,1240.4
2005-01-20,1378.85
2005-01-21,1378.85
2005-01-22,1378.85
2005-01-23,1378
2005-01-24,1346.75
2005-01-25,1359.15
2005-01-26,1359.15
2005-01-27,1384.4
2005-01-28,1399.3
2005-01-29,1399.3
2005-01-30,1399.3
2005-01-31,1361.5
2005-02-01,1350.05
2005-02-02,1325.4
2005-02-03,1329.6
2005-02-04,1341.8
2005-02-05,1341.8
2005-02-06,1341.8
2005-02-07,1332.2
2005-02-08,1320.45
2005-02-09,1327.35
2005-02-10,1330.7
2005-02-11,1334
2005-02-12,1334
2005-02-13,1334
2005-02-14,1318.95
2005-02-15,1312.8
2005-02-16,1305.35
2005-02-17,1298.85
2005-02-18,1280.05
2005-02-19,1280.05
2005-02-20,1280.05
2005-02-21,1264.1
2005-02-22,1283.7
2005-02-23,1285.2
2005-02-24,1294.5
2005-02-25,1287.9
2005-02-26,1287.9
2005-02-27,1287.9
2005-02-28,1294.1
2005-03-01,1338.65
2005-03-02,1340.95
2005-03-03,1346.9
2005-03-04,1372.95
2005-03-05,1372.95
2005-03-06,1372.95
2005-03-07,1366.1
2005-03-08,1374
2005-03-09,1372.95
2005-03-10,1381.15
2005-03-11,1345.6
2005-03-12,1345.6
2005-03-13,1345.6
2005-03-14,1334.45
2005-03-15,1339.5
2005-03-16,1335.2
2005-03-17,1334.2
2005-03-18,1311.15
2005-03-19,1311.15
2005-03-20,1311.15
2005-03-21,1296.55
2005-03-22,1276.35
2005-03-23,1284
2005-03-24,1321.9
2005-03-25,1321.9
2005-03-26,1321.9
2005-03-27,1321
2005-03-28,1313.65
2005-03-29,1275.1
2005-03-30,1281.8
2005-03-31,1342.05
2005-04-01,1352.65
2005-04-02,1352.65
2005-04-03,1352.65
2005-04-04,1349.25
2005-04-05,1350.65
2005-04-06,1370.6
2005-04-07,1375.35
2005-04-08,1400.2
2005-04-09,1400.2
2005-04-10,1400.2
2005-04-11,1398.05
2005-04-12,1404.25
2005-04-13,1417.45
2005-04-14,1417.45
2005-04-15,1376.85
2005-04-16,1376.85
2005-04-17,1376.85
2005-04-18,1379.2
2005-04-19,1375.1
2005-04-20,1372.45
2005-04-21,1399.1
2005-04-22,1393.6
2005-04-23,1393.6
2005-04-24,1393.6
2005-04-25,1384.75
2005-04-26,1381.25
2005-04-27,1401.7
2005-04-28,1450.3
2005-04-29,1437.7
2005-04-30,1437.7
2005-05-01,1437.7
2005-05-02,1408.95
2005-05-03,1413.7
2005-05-04,1426.4
2005-05-05,1416.2
2005-05-06,1441
2005-05-07,1441
2005-05-08,1441
2005-05-09,1483
2005-05-10,1472.05
2005-05-11,1476.25
2005-05-12,1467
2005-05-13,1480.05
2005-05-14,1480.05
2005-05-15,1480.05
2005-05-16,1487.25
2005-05-17,1478.8
2005-05-18,1485.5
2005-05-19,1498.75
2005-05-20,1497.65
2005-05-21,1497.65
2005-05-22,1497.65
2005-05-23,1491.85
2005-05-24,1502.55
2005-05-25,1516
2005-05-26,1531.65
2005-05-27,1570.7
2005-05-28,1570.7
2005-05-29,1570.7
2005-05-30,1557.45
2005-05-31,1599.25
2005-06-01,1591.55
2005-06-02,1560.9
2005-06-03,1582.55
2005-06-04,1581.65
2005-06-05,1581.65
2005-06-06,1581.4
2005-06-07,1550.25
2005-06-08,1580.9
2005-06-09,1575.75
2005-06-10,1562.35
2005-06-11,1562.35
2005-06-12,1562.35
2005-06-13,1572.15
2005-06-14,1570.6
2005-06-15,1564.35
2005-06-16,1549.25
2005-06-17,1546.15
2005-06-18,1546.15
2005-06-19,1546.15
2005-06-20,1535.4
2005-06-21,1540.75
2005-06-22,1574.75
2005-06-23,1573.3
2005-06-24,1602.95
2005-06-25,1602.95
2005-06-26,1602.95
2005-06-27,1636.85
2005-06-28,1592.5
2005-06-29,1614.8
2005-06-30,1662.1
2005-07-01,1670.55
2005-07-02,1670.55
2005-07-03,1670.55
2005-07-04,1683.15
2005-07-05,1673.3
2005-07-06,1676.3
2005-07-07,1680.85
2005-07-08,1697.75
2005-07-09,1697.75
2005-07-10,1697.75
2005-07-11,1705.65
2005-07-12,1744.2
2005-07-13,1728.85
2005-07-14,1764.95
2005-07-15,1767.6
2005-07-16,1767.6
2005-07-17,1767.6
2005-07-18,1738.75
2005-07-19,1698.55
2005-07-20,1673.25
2005-07-21,1635.3
2005-07-22,1644.1
2005-07-23,1644.1
2005-07-24,1644.1
2005-07-25,1665.8
2005-07-26,1693.6
2005-07-27,1692.6
2005-07-28,1692.6
2005-07-29,1682.85
2005-07-30,1682.85
2005-07-31,1682.85
2005-08-01,1662.9
2005-08-02,1671.2
2005-08-03,1718.55
2005-08-04,1736.05
2005-08-05,1739.9
2005-08-06,1739.9
2005-08-07,1739.9
2005-08-08,1723.5
2005-08-09,1699.95
2005-08-10,1736.7
2005-08-11,1726.35
2005-08-12,1692.45
2005-08-13,1692.45
2005-08-14,1692.45
2005-08-15,1692
2005-08-16,1700.45
2005-08-17,1709.9
2005-08-18,1694.8
2005-08-19,1684.45
2005-08-20,1684.45
2005-08-21,1684.45
2005-08-22,1690.2
2005-08-23,1693.5
2005-08-24,1696.85
2005-08-25,1708.3
2005-08-26,1716.6
2005-08-27,1716.6
2005-08-28,1716.6
2005-08-29,1702.25
2005-08-30,1709.05
2005-08-31,1731.65
2005-09-01,1731.75
2005-09-02,1732.1
2005-09-03,1732.1
2005-09-04,1732.1
2005-09-05,1792.45
2005-09-06,1827.15
2005-09-07,1827.15
2005-09-08,1819.6
2005-09-09,1829.45
2005-09-10,1829.45
2005-09-11,1829.45
2005-09-12,1869.95
2005-09-13,1895.4
2005-09-14,1856.6
2005-09-15,1880.25
2005-09-16,1878.1
2005-09-17,1878.1
2005-09-18,1878.1
2005-09-19,1940.1
2005-09-20,1929.6
2005-09-21,140.2
2005-09-22,136.65
2005-09-23,137.55
2005-09-24,137.55
2005-09-25,137.55
2005-09-26,143.15
2005-09-27,141.8
2005-09-28,140.7
2005-09-29,138.4
2005-09-30,136.75
2005-10-01,136.75
2005-10-02,136.75
2005-10-03,136.9
2005-10-04,136.95
2005-10-05,131.5
2005-10-06,127.7
2005-10-07,126.4
2005-10-08,126.4
2005-10-09,126.4
2005-10-10,128.8
2005-10-11,127.65
2005-10-12,127.65
2005-10-13,128.35
2005-10-14,125.2
2005-10-15,125.2
2005-10-16,125.2
2005-10-17,124.05
2005-10-18,124.55
2005-10-19,120.25
2005-10-20,116.5
2005-10-21,121.3
2005-10-22,121.3
2005-10-23,121.3
2005-10-24,117.15
2005-10-25,118.15
2005-10-26,116.45
2005-10-27,115.7
2005-10-28,115.45
2005-10-29,115.45
2005-10-30,115.45
2005-10-31,120.2
2005-11-01,121.35
2005-11-02,125.2
2005-11-03,125.2
2005-11-04,125.2
2005-11-05,125
2005-11-06,
2005
2005-11-07,126.15
2005-11-08,126.65
2005-11-09,128.75
2005-11-10,127.6
2005-11-11,130.1
2005-11-12,130.1
2005-11-13,130.1
2005-11-14,128.3
2005-11-15,128.3
2005-11-16,130.55
2005-11-17,130.2
2005-11-18,130.8
2005-11-19,130.8
2005-11-20,130.8
2005-11-21,126.75
2005-11-22,125.1
2005-11-23,129.4
2005-11-24,134.95
2005-11-25,136.7
2005-11-26,136.2
2005-11-27,136.2
2005-11-28,139.25
2005-11-29,136.9
2005-11-30,134.5
2005-12-01,135.8
2005-12-02,137.5
2005-12-03,137.5
2005-12-04,137.5
2005-12-05,134.2
2005-12-06,133.55
2005-12-07,135.55
2005-12-08,135.3
2005-12-09,136.85
2005-12-10,136.85
2005-12-11,136.85
2005-12-12,138.45
2005-12-13,141.7
2005-12-14,144.1
2005-12-15,140.35
2005-12-16,141.1
2005-12-17,141.1
2005-12-18,141.1
2005-12-19,144.8
2005-12-20,143.45
2005-12-21,141.65
2005-12-22,142.05
2005-12-23,139.35
2005-12-24,139.35
2005-12-25,139.35
2005-12-26,137.55
2005-12-27,141.2
2005-12-28,138.45
2005-12-29,139.4
2005-12-30,142.1
2005-12-31,142.1
2006-01-01,142.1
2006-01-02,140.1
2006-01-03,143.1
2006-01-04,146.95
2006-01-05,145.4
2006-01-06,145.45
2006-01-07,145.45
2006-01-08,145.45
2006-01-09,145.35
2006-01-10,142.85
2006-01-11,142.85
2006-01-12,144.6
2006-01-13,145.5
2006-01-14,145.5
2006-01-15,145.5
2006-01-16,144.2
2006-01-17,142.45
2006-01-18,141.35
2006-01-19,143.1
2006-01-20,147.05
2006-01-21,147.05
2006-01-22,147.05
2006-01-23,151.9
2006-01-24,154.7
2006-01-25,157.75
2006-01-26,157.75
2006-01-27,155.45
2006-01-28,155.45
2006-01-29,155.45
2006-01-30,155.25
2006-01-31,154.8
2006-02-01,155.05
2006-02-02,155.7
2006-02-03,152.45
2006-02-04,152.45
2006-02-05,152.45
2006-02-06,156.7
2006-02-07,160.9
2006-02-08,159.2
2006-02-09,159.2
2006-02-10,163.1
2006-02-11,163.1
2006-02-12,163.1
2006-02-13,163
2006-02-14,163.55
2006-02-15,170.85
2006-02-16,166.3
2006-02-17,161.8
2006-02-18,161.8
2006-02-19,161.8
2006-02-20,162.85
2006-02-21,164.25
2006-02-22,163.6
2006-02-23,166
2006-02-24,163.5
2006-02-25,163.5
2006-02-26,163.5
2006-02-27,166.1
2006-02-28,172.45
2006-03-01,173.85
2006-03-02,176.7
2006-03-03,174.25
2006-03-04,174.25
2006-03-05,174.25
2006-03-06,178.4
2006-03-07,177.85
2006-03-08,173.85
2006-03-09,173.15
2006-03-10,178
2006-03-11,178
2006-03-12,178
2006-03-13,175.1
2006-03-14,175.9
2006-03-15,175.9
2006-03-16,173.6
2006-03-17,175.55
2006-03-18,175.55
2006-03-19,175.55
2006-03-20,177.2
2006-03-21,178.55
2006-03-22,176.9
2006-03-23,178.9
2006-03-24,185.55
2006-03-25,185.55
2006-03-26,185.55
2006-03-27,192.95
2006-03-28,193
2006-03-29,193.2
2006-03-30,200.6
2006-03-31,195.15
2006-04-01,195.15
2006-04-02,195.15
2006-04-03,199.25
2006-04-04,204.05
2006-04-05,206
2006-04-06,206
2006-04-07,199.65
2006-04-08,199.65
2006-04-09,199.65
2006-04-10,199.1
2006-04-11,199.1
2006-04-12,192.2
2006-04-13,188.85
2006-04-14,188.85
2006-04-15,188.85
2006-04-16,188
2006-04-17,192.95
2006-04-18,197.8
2006-04-19,198.35
2006-04-20,200.6
2006-04-21,200.4
2006-04-22,200.4
2006-04-23,200.4
2006-04-24,203.5
2006-04-25,197.3
2006-04-26,201.55
2006-04-27,202.8
2006-04-28,200.9
2006-04-29,203.75
2006-04-30,203.75
2006-05-01,203.75
2006-05-02,207.5
2006-05-03,208.9
2006-05-04,209.4
2006-05-05,208.45
2006-05-06,208.45
2006-05-07,208.45
2006-05-08,207.8
2006-05-09,206.35
2006-05-10,205.05
2006-05-11,203.75
2006-05-12,201.5
2006-05-13,201.5
2006-05-14,201.5
2006-05-15,191
2006-05-16,194.8
2006-05-17,204.3
2006-05-18,191.15
2006-05-19,179.9
2006-05-20,179.9
2006-05-21,179.9
2006-05-22,171.55
2006-05-23,178
2006-05-24,174.1
2006-05-25,181.4
2006-05-26,183.2
2006-05-27,183.2
2006-05-28,183.2
2006-05-29,177.95
2006-05-30,176.5
2006-05-31,165.4
2006-06-01,160.15
2006-06-02,164.4
2006-06-03,164.4
2006-06-04,164.4
2006-06-05,160.05
2006-06-06,152.55
2006-06-07,151.8
2006-06-08,147.65
2006-06-09,160.5
2006-06-10,160.5
2006-06-11,160.5
2006-06-12,154.4
2006-06-13,146.25
2006-06-14,147.35
2006-06-15,155.6
2006-06-16,163.2
2006-06-17,163.2
2006-06-18,163.2
2006-06-19,164.55
2006-06-20,161.65
2006-06-21,168.75
2006-06-22,170.85
2006-06-23,170.8
2006-06-24,170.8
2006-06-25,171.75
2006-06-26,166.3
2006-06-27,175.95
2006-06-28,177.05
2006-06-29,175.8
2006-06-30,182.4
2006-07-01,182.4
2006-07-02,182.4
2006-07-03,185
2006-07-04,178.9
2006-07-05,184.65
2006-07-06,181.55
2006-07-07,175.1
2006-07-08,175.1
2006-07-09,175.1
2006-07-10,175.1
2006-07-11,176
2006-07-12,181.45
2006-07-13,181.15
2006-07-14,176.55
2006-07-15,176.55
2006-07-16,176.55
2006-07-17,172.1
2006-07-18,169.65
2006-07-19,167.5
2006-07-20,175.05
2006-07-21,167.3
2006-07-22,167.3
2006-07-23,167.3
2006-07-24,164.35
2006-07-25,164.1
2006-07-26,168
2006-07-27,166.95
2006-07-28,164.55
2006-07-29,164.55
2006-07-30,164.55
2006-07-31,167.4
2006-08-01,169.25
2006-08-02,173.4
2006-08-03,171.95
2006-08-04,168.2
2006-08-05,168.2
2006-08-06,168.2
2006-08-07,168.4
2006-08-08,172.25
2006-08-09,178.8
2006-08-10,176.3
2006-08-11,175.25
2006-08-12,175.25
2006-08-13,175.25
2006-08-14,178.55
2006-08-15,178.55
2006-08-16,180.9
2006-08-17,181.1
2006-08-18,179.75
2006-08-19,179.75
2006-08-20,179.75
2006-08-21,180.75
2006-08-22,181.9
2006-08-23,178.8
2006-08-24,180.05
2006-08-25,180.15
2006-08-26,180.15
2006-08-27,180.15
2006-08-28,180.1
2006-08-29,184.65
2006-08-30,187.35
2006-08-31,191.5
2006-09-01,189.55
2006-09-02,189.55
2006-09-03,189.55
2006-09-04,190.15
2006-09-05,187.7
2006-09-06,189.1
2006-09-07,185.95
2006-09-08,187.95
2006-09-09,187.95
2006-09-10,187.95
2006-09-11,182.1
2006-09-12,181.65
2006-09-13,182.85
2006-09-14,183.1
2006-09-15,182.45
2006-09-16,182.45
2006-09-17,182.45
2006-09-18,187.25
2006-09-19,184.1
2006-09-20,187.3
2006-09-21,190.65
2006-09-22,188
2006-09-23,188
2006-09-24,188
2006-09-25,184.45
2006-09-26,183.75
2006-09-27,185.65
2006-09-28,184.3
2006-09-29,187.7
2006-09-30,187.7
2006-10-01,187.7
2006-10-02,187
2006-10-03,187.85
2006-10-04,185.05
2006-10-05,187.2
2006-10-06,184.55
2006-10-07,184.55
2006-10-08,184.55
2006-10-09,184.75
2006-10-10,185.1
2006-10-11,185.5
2006-10-12,186.05
2006-10-13,188.75
2006-10-14,188.75
2006-10-15,188.75
2006-10-16,194.65
2006-10-17,193.75
2006-10-18,194.6
2006-10-19,190.65
2006-10-20,186.35
2006-10-21,188.65
2006-10-22,188.65
2006-10-23,184.95
2006-10-24,184.95
2006-10-25,184.95
2006-10-26,184.1
2006-10-27,187.7
2006-10-28,187.7
2006-10-29,187.7
2006-10-30,187.45
2006-10-31,190
2006-11-01,190.8
2006-11-02,188.5
2006-11-03,187.35
2006-11-04,187.35
2006-11-05,187.35
2006-11-06,191.25
2006-11-07,188.9
2006-11-08,185.45
2006-11-09,187.05
2006-11-10,186
2006-11-11,186
2006-11-12,186
2006-11-13,185.5
2006-11-14,184.1
2006-11-15,185.75
2006-11-16,185.45
2006-11-17,181.75
2006-11-18,181.75
2006-11-19,181.75
2006-11-20,178.25
2006-11-21,183.85
2006-11-22,181.35
2006-11-23,179.2
2006-11-24,179.6
2006-11-25,179.6
2006-11-26,179.6
2006-11-27,180.9
2006-11-28,179.6
2006-11-29,184.2
2006-11-30,185.1
2006-12-01,187.75
2006-12-02,187.75
2006-12-03,187.75
2006-12-04,189.35
2006-12-05,190.35
2006-12-06,188.3
2006-12-07,186.8
2006-12-08,185.1
2006-12-09,185.1
2006-12-10,185.1
2006-12-11,179.95
2006-12-12,173.4
2006-12-13,173.45
2006-12-14,176.8
2006-12-15,174.65
2006-12-16,174.65
2006-12-17,174.65
2006-12-18,174.05
2006-12-19,168.4
2006-12-20,170.4
2006-12-21,170.75
2006-12-22,169.6
2006-12-23,169.6
2006-12-24,169.6
2006-12-25,169
2006-12-26,174.55
2006-12-27,176.95
2006-12-28,177.9
2006-12-29,176.1
2006-12-30,176.1
2006-12-31,176.1
2007-01-01,176
2007-01-02,177
2007-01-03,175.45
2007-01-04,168.95
2007-01-05,165.3
2007-01-06,165.3
2007-01-07,165.3
2007-01-08,162.7
2007-01-09,162.05
2007-01-10,163.15
2007-01-11,169.2
2007-01-12,171.1
2007-01-13,171.1
2007-01-14,171.1
2007-01-15,172
2007-01-16,171.65
2007-01-17,169.5
2007-01-18,172.2
2007-01-19,175.6
2007-01-20,175.6
2007-01-21,175.6
2007-01-22,178.95
2007-01-23,177.25
2007-01-24,178.25
2007-01-25,177.85
2007-01-26,177.85
2007-01-27,177.85
2007-01-28,177
2007-01-29,171.7
2007-01-30,171.7
2007-01-31,174.6
2007-02-01,174.85
2007-02-02,177.15
2007-02-03,177.15
2007-02-04,177.15
2007-02-05,177.6
2007-02-06,175.05
2007-02-07,175.7
2007-02-08,176.45
2007-02-09,176.4
2007-02-10,176.4
2007-02-11,176.4
2007-02-12,175.35
2007-02-13,173.2
2007-02-14,173.95
2007-02-15,174.25
2007-02-16,174.25
2007-02-17,174.25
2007-02-18,174
2007-02-19,174.4
2007-02-20,175.85
2007-02-21,174.45
2007-02-22,174.45
2007-02-23,167.05
2007-02-24,167.05
2007-02-25,167.05
2007-02-26,170.3
2007-02-27,165.2
2007-02-28,171.7
2007-03-01,172.5
2007-03-02,166.7
2007-03-03,166.7
2007-03-04,166.7
2007-03-05,162.15
2007-03-06,162.05
2007-03-07,158.2
2007-03-08,159.95
2007-03-09,154.15
2007-03-10,154.15
2007-03-11,154.15
2007-03-12,148.6
2007-03-13,148.95
2007-03-14,142.9
2007-03-15,147.3
2007-03-16,145.05
2007-03-17,145.05
2007-03-18,145.05
2007-03-19,142
2007-03-20,140.85
2007-03-21,144.6
2007-03-22,149.35
2007-03-23,144.15
2007-03-24,144.15
2007-03-25,144.15
2007-03-26,142.25
2007-03-27,142.25
2007-03-28,143.35
2007-03-29,146.95
2007-03-30,151.15
2007-03-31,151.15
2007-04-01,151.15
2007-04-02,146.8
2007-04-03,149.5
2007-04-04,148.35
2007-04-05,148.2
2007-04-06,148.2
2007-04-07,148.2
2007-04-08,148
2007-04-09,155.3
2007-04-10,159.85
2007-04-11,160.5
2007-04-12,156.25
2007-04-13,153.45
2007-04-14,153.45
2007-04-15,153.45
2007-04-16,158.5
2007-04-17,156.05
2007-04-18,156.9
2007-04-19,159.1
2007-04-20,160.4
2007-04-21,160.4
2007-04-22,160.4
2007-04-23,156.3
2007-04-24,156.45
2007-04-25,161.8
2007-04-26,161.55
2007-04-27,160.65
2007-04-28,160.65
2007-04-29,160.65
2007-04-30,160.05
2007-05-01,160.05
2007-05-02,160.05
2007-05-03,161.8
2007-05-04,161.05
2007-05-05,161.05
2007-05-06,161.05
2007-05-07,161
2007-05-08,160
2007-05-09,160.7
2007-05-10,163.7
2007-05-11,162.15
2007-05-12,162.15
2007-05-13,162.15
2007-05-14,162.05
2007-05-15,162
2007-05-16,163.4
2007-05-17,165.1
2007-05-18,167.1
2007-05-19,167.1
2007-05-20,167.1
2007-05-21,170.85
2007-05-22,170.7
2007-05-23,166.25
2007-05-24,166.1
2007-05-25,166.8
2007-05-26,166.8
2007-05-27,166.8
2007-05-28,166.4
2007-05-29,165
2007-05-30,162.3
2007-05-31,163.8
2007-06-01,161.05
2007-06-02,161.05
2007-06-03,161.05
2007-06-04,164.9
2007-06-05,161.85
2007-06-06,157.85
2007-06-07,154.9
2007-06-08,150.6
2007-06-09,150.6
2007-06-10,150.6
2007-06-11,153.9
2007-06-12,153.85
2007-06-13,152.05
2007-06-14,151.6
2007-06-15,152.4
2007-06-16,152.4
2007-06-17,152.4
2007-06-18,153
2007-06-19,153.05
2007-06-20,155.05
2007-06-21,154.4
2007-06-22,154
2007-06-23,154
2007-06-24,154
2007-06-25,154.15
2007-06-26,154.15
2007-06-27,153.6
2007-06-28,155.1
2007-06-29,154.7
2007-06-30,154.7
2007-07-01,154.7
2007-07-02,154
2007-07-03,156.35
2007-07-04,157.95
2007-07-05,155.65
2007-07-06,155.5
2007-07-07,155.5
2007-07-08,155.5
2007-07-09,155.65
2007-07-10,153.7
2007-07-11,152.55
2007-07-12,152.9
2007-07-13,155.35
2007-07-14,155.35
2007-07-15,155.35
2007-07-16,154.25
2007-07-17,155.7
2007-07-18,154.1
2007-07-19,153.95
2007-07-20,154.4
2007-07-21,154.4
2007-07-22,154.4
2007-07-23,153.6
2007-07-24,152.2
2007-07-25,165.9
2007-07-26,167.7
2007-07-27,172.4
2007-07-28,172.4
2007-07-29,172.4
2007-07-30,167.45
2007-07-31,171
2007-08-01,167.05
2007-08-02,167.8
2007-08-03,169.75
2007-08-04,169.75
2007-08-05,169.75
2007-08-06,172.55
2007-08-07,166.95
2007-08-08,167.4
2007-08-09,163.95
2007-08-10,163.4
2007-08-11,163.4
2007-08-12,163.4
2007-08-13,164.8
2007-08-14,165
2007-08-15,165
2007-08-16,157.6
2007-08-17,153.55
2007-08-18,153.55
2007-08-19,153.55
2007-08-20,156.3
2007-08-21,152.2
2007-08-22,158.25
2007-08-23,160.4
2007-08-24,161.65
2007-08-25,161.65
2007-08-26,161.65
2007-08-27,165.1
2007-08-28,167.45
2007-08-29,168.55
2007-08-30,171.6
2007-08-31,170.8
2007-09-01,170.8
2007-09-02,170.8
2007-09-03,173.8
2007-09-04,172.75
2007-09-05,172.05
2007-09-06,174.95
2007-09-07,177.8
2007-09-08,177.8
2007-09-09,177.8
2007-09-10,184.7
2007-09-11,183.85
2007-09-12,179.9
2007-09-13,179
2007-09-14,180.95
2007-09-15,180.95
2007-09-16,180.95
2007-09-17,180.85
2007-09-18,180.25
2007-09-19,187.35
2007-09-20,194.1
2007-09-21,190.9
2007-09-22,190.9
2007-09-23,190.9
2007-09-24,187.65
2007-09-25,187.15
2007-09-26,184.55
2007-09-27,185.45
2007-09-28,189.8
2007-09-29,189.8
2007-09-30,189.8
2007-10-01,185.9
2007-10-02,185.9
2007-10-03,187.4
2007-10-04,185.45
2007-10-05,178.75
2007-10-06,178.75
2007-10-07,178.75
2007-10-08,178.15
2007-10-09,184.9
2007-10-10,184.1
2007-10-11,189.55
2007-10-12,185.4
2007-10-13,185.4
2007-10-14,185.4
2007-10-15,187.15
2007-10-16,186.15
2007-10-17,184.5
2007-10-18,183.25
2007-10-19,176.15
2007-10-20,176.15
2007-10-21,176.15
2007-10-22,177.35
2007-10-23,185.3
2007-10-24,184.3
2007-10-25,182.9
2007-10-26,180.25
2007-10-27,180.25
2007-10-28,180.25
2007-10-29,182.6
2007-10-30,179.55
2007-10-31,178.9
2007-11-01,171.7
2007-11-02,175.1
2007-11-03,175.1
2007-11-04,175.1
2007-11-05,171.2
2007-11-06,173.75
2007-11-07,170.7
2007-11-08,170.2
2007-11-09,168.8
2007-11-10,168.8
2007-11-11,168.8
2007-11-12,178.8
2007-11-13,177.95
2007-11-14,182.7
2007-11-15,189.45
2007-11-16,205.1
2007-11-17,205.1
2007-11-18,205.1
2007-11-19,198.8
2007-11-20,196.65
2007-11-21,185.4
2007-11-22,185.1
2007-11-23,184.65
2007-11-24,184.65
2007-11-25,184.65
2007-11-26,187.7
2007-11-27,185.95
2007-11-28,187.1
2007-11-29,185.75
2007-11-30,188.35
2007-12-01,188.35
2007-12-02,188.35
2007-12-03,191.65
2007-12-04,192.25
2007-12-05,192.7
2007-12-06,193.1
2007-12-07,188.15
2007-12-08,188.15
2007-12-09,188.15
2007-12-10,186.7
2007-12-11,187.5
2007-12-12,189.6
2007-12-13,196.35
2007-12-14,200.7
2007-12-15,200.7
2007-12-16,200.7
2007-12-17,193.5
2007-12-18,197.55
2007-12-19,199.7
2007-12-20,196.5
2007-12-21,196.5
2007-12-22,196.5
2007-12-23,196
2007-12-24,198.05
2007-12-25,198.05
2007-12-26,199.85
2007-12-27,203.55
2007-12-28,206.55
2007-12-29,206.55
2007-12-30,206.55
2007-12-31,209.45
2008-01-01,217.6
2008-01-02,221.1
2008-01-03,214.45
2008-01-04,219.35
2008-01-05,219.35
2008-01-06,219.35
2008-01-07,231.3
2008-01-08,231
2008-01-09,228.05
2008-01-10,219.8
2008-01-11,220.45
2008-01-12,220.45
2008-01-13,220.45
2008-01-14,224.5
2008-01-15,216.35
2008-01-16,208.95
2008-01-17,217.75
2008-01-18,212.65
2008-01-19,212.65
2008-01-20,212.65
2008-01-21,201.85
2008-01-22,182.9
2008-01-23,194.85
2008-01-24,187.5
2008-01-25,198.45
2008-01-26,198.45
2008-01-27,198.45
2008-01-28,196.25
2008-01-29,201.2
2008-01-30,199.35
2008-01-31,195.55
2008-02-01,205.15
2008-02-02,205.15
2008-02-03,205.15
2008-02-04,204.8
2008-02-05,205.95
2008-02-06,200
2008-02-07,192.1
2008-02-08,198
2008-02-09,198
2008-02-10,198
2008-02-11,185.4
2008-02-12,185.55
2008-02-13,196.25
2008-02-14,199.25
2008-02-15,202.85
2008-02-16,202.85
2008-02-17,202.85
2008-02-18,209.8
2008-02-19,205.4
2008-02-20,201.95
2008-02-21,201.35
2008-02-22,200.15
2008-02-23,200.15
2008-02-24,200.15
2008-02-25,201.85
2008-02-26,201.45
2008-02-27,202.35
2008-02-28,202.25
2008-02-29,202.75
2008-03-01,202.75
2008-03-02,202.75
2008-03-03,192.55
2008-03-04,184.9
2008-03-05,194.55
2008-03-06,194.55
2008-03-07,190.75
2008-03-08,190.75
2008-03-09,190.75
2008-03-10,191
2008-03-11,192.25
2008-03-12,190.5
2008-03-13,185.6
2008-03-14,191.7
2008-03-15,191.7
2008-03-16,191.7
2008-03-17,185.75
2008-03-18,183.05
2008-03-19,187.3
2008-03-20,187.3
2008-03-21,187.3
2008-03-22,187
2008-03-23,
2008
2008-03-24,191.15
2008-03-25,191.55
2008-03-26,195.3
2008-03-27,200.1
2008-03-28,206.5
2008-03-29,206.5
2008-03-30,206.5
2008-03-31,206.25
2008-04-01,210.6
2008-04-02,208
2008-04-03,208.05
2008-04-04,200.6
2008-04-05,200.6
2008-04-06,200.6
2008-04-07,210.35
2008-04-08,208.55
2008-04-09,207.4
2008-04-10,206.65
2008-04-11,204.05
2008-04-12,204.05
2008-04-13,204.05
2008-04-14,204
2008-04-15,207.9
2008-04-16,210
2008-04-17,211.45
2008-04-18,211.45
2008-04-19,211.45
2008-04-20,211
2008-04-21,208.2
2008-04-22,213.3
2008-04-23,211.9
2008-04-24,209.95
2008-04-25,212.9
2008-04-26,212.9
2008-04-27,212.9
2008-04-28,211.6
2008-04-29,212.3
2008-04-30,219.9
2008-05-01,219.9
2008-05-02,220.95
2008-05-03,220.95
2008-05-04,220.95
2008-05-05,220.75
2008-05-06,224.85
2008-05-07,226.65
2008-05-08,215
2008-05-09,218.55
2008-05-10,218.55
2008-05-11,218.55
2008-05-12,223.8
2008-05-13,225.35
2008-05-14,226.3
2008-05-15,226.2
2008-05-16,227.1
2008-05-17,227.1
2008-05-18,227.1
2008-05-19,227
2008-05-20,225.75
2008-05-21,228.2
2008-05-22,223.4
2008-05-23,213.6
2008-05-24,213.6
2008-05-25,213.6
2008-05-26,205.5
2008-05-27,209.1
2008-05-28,221.95
2008-05-29,215.95
2008-05-30,217.75
2008-05-31,217.75
2008-06-01,217.75
2008-06-02,219.95
2008-06-03,219.9
2008-06-04,215.8
2008-06-05,222.5
2008-06-06,213.45
2008-06-07,213.45
2008-06-08,213.45
2008-06-09,207.35
2008-06-10,201.55
2008-06-11,199.5
2008-06-12,199.95
2008-06-13,198.15
2008-06-14,198.15
2008-06-15,198.15
2008-06-16,201.5
2008-06-17,203.25
2008-06-18,205.95
2008-06-19,205.8
2008-06-20,198.4
2008-06-21,198.4
2008-06-22,198.4
2008-06-23,195.4
2008-06-24,191.5
2008-06-25,186.45
2008-06-26,191.75
2008-06-27,183.7
2008-06-28,183.7
2008-06-29,183.7
2008-06-30,187.8
2008-07-01,183
2008-07-02,179.9
2008-07-03,169.3
2008-07-04,171.2
2008-07-05,171.2
2008-07-06,171.2
2008-07-07,177.85
2008-07-08,171.8
2008-07-09,183.85
2008-07-10,179.15
2008-07-11,174.55
2008-07-12,174.55
2008-07-13,174.55
2008-07-14,168.6
2008-07-15,160.45
2008-07-16,162.35
2008-07-17,167.25
2008-07-18,176.25
2008-07-19,176.25
2008-07-20,176.25
2008-07-21,179.2
2008-07-22,189.85
2008-07-23,191.6
2008-07-24,190.5
2008-07-25,189.15
2008-07-26,189.15
2008-07-27,189.15
2008-07-28,190.65
2008-07-29,189.6
2008-07-30,188.3
2008-07-31,186.8
2008-08-01,187.1
2008-08-02,187.1
2008-08-03,187.1
2008-08-04,187.8
2008-08-05,190.15
2008-08-06,189.9
2008-08-07,191.95
2008-08-08,190.1
2008-08-09,190.1
2008-08-10,190.1
2008-08-11,193.8
2008-08-12,195.7
2008-08-13,194.95
2008-08-14,191.15
2008-08-15,191.15
2008-08-16,191.15
2008-08-17,191
2008-08-18,187.45
2008-08-19,183.5
2008-08-20,183
2008-08-21,182.25
2008-08-22,182.2
2008-08-23,182.2
2008-08-24,182.2
2008-08-25,183.95
2008-08-26,184.9
2008-08-27,183.95
2008-08-28,183.5
2008-08-29,188.7
2008-08-30,188.7
2008-08-31,188.7
2008-09-01,191.95
2008-09-02,194.4
2008-09-03,194.4
2008-09-04,189.15
2008-09-05,189.9
2008-09-06,189.9
2008-09-07,189.9
2008-09-08,196.5
2008-09-09,194.6
2008-09-10,195.05
2008-09-11,191.65
2008-09-12,191.4
2008-09-13,191.4
2008-09-14,191.4
2008-09-15,190.15
2008-09-16,194.4
2008-09-17,184.75
2008-09-18,185.65
2008-09-19,191.05
2008-09-20,191.05
2008-09-21,191.05
2008-09-22,195
2008-09-23,193.75
2008-09-24,193
2008-09-25,188.05
2008-09-26,192.35
2008-09-27,192.35
2008-09-28,192.35
2008-09-29,191.35
2008-09-30,188.05
2008-10-01,192.4
2008-10-02,192.4
2008-10-03,190.45
2008-10-04,190.45
2008-10-05,190.45
2008-10-06,180
2008-10-07,174.5
2008-10-08,165.8
2008-10-09,165.8
2008-10-10,163.35
2008-10-11,163.35
2008-10-12,163.35
2008-10-13,170.05
2008-10-14,168.95
2008-10-15,160.65
2008-10-16,161.7
2008-10-17,158.9
2008-10-18,158.9
2008-10-19,158.9
2008-10-20,165.2
2008-10-21,169.1
2008-10-22,170.85
2008-10-23,168.65
2008-10-24,158.9
2008-10-25,158.9
2008-10-26,158.9
2008-10-27,149
2008-10-28,155.3
2008-10-29,153.1
2008-10-30,153.1
2008-10-31,155.15
2008-11-01,155.15
2008-11-02,155.15
2008-11-03,159.8
2008-11-04,170.75
2008-11-05,169.8
2008-11-06,168.7
2008-11-07,174.65
2008-11-08,174.65
2008-11-09,174.65
2008-11-10,172.3
2008-11-11,172.55
2008-11-12,170
2008-11-13,170
2008-11-14,169.55
2008-11-15,169.55
2008-11-16,169.55
2008-11-17,165.2
2008-11-18,160.7
2008-11-19,165.1
2008-11-20,164.65
2008-11-21,169.85
2008-11-22,169.85
2008-11-23,169.85
2008-11-24,172.15
2008-11-25,168.65
2008-11-26,172.4
2008-11-27,172.4
2008-11-28,173.6
2008-11-29,173.6
2008-11-30,173.6
2008-12-01,165.25
2008-12-02,169.6
2008-12-03,168.7
2008-12-04,174.05
2008-12-05,169.35
2008-12-06,169.35
2008-12-07,169.35
2008-12-08,169.9
2008-12-09,169.9
2008-12-10,170.35
2008-12-11,171.15
2008-12-12,172.4
2008-12-13,172.4
2008-12-14,172.4
2008-12-15,173.5
2008-12-16,176.55
2008-12-17,172.35
2008-12-18,180.05
2008-12-19,179.05
2008-12-20,179.05
2008-12-21,179.05
2008-12-22,179.95
2008-12-23,177.8
2008-12-24,172.35
2008-12-25,172.35
2008-12-26,170.65
2008-12-27,170.65
2008-12-28,170.65
2008-12-29,171.2
2008-12-30,171.95
2008-12-31,171.7
2009-01-01,171.65
2009-01-02,174.5
2009-01-03,174.5
2009-01-04,174.5
2009-01-05,172.95
2009-01-06,174.4
2009-01-07,168.1
2009-01-08,168.1
2009-01-09,169.65
2009-01-10,169.65
2009-01-11,169.65
2009-01-12,165.1
2009-01-13,168.7
2009-01-14,170.7
2009-01-15,168.5
2009-01-16,171.75
2009-01-17,171.75
2009-01-18,171.75
2009-01-19,170.65
2009-01-20,170.65
2009-01-21,171.25
2009-01-22,170.6
2009-01-23,170.4
2009-01-24,170.4
2009-01-25,170.4
2009-01-26,170
2009-01-27,170.8
2009-01-28,175.65
2009-01-29,175.45
2009-01-30,180.1
2009-01-31,180.1
2009-02-01,180.1
2009-02-02,178.2
2009-02-03,180.9
2009-02-04,180.9
2009-02-05,181.3
2009-02-06,182.55
2009-02-07,182.55
2009-02-08,182.55
2009-02-09,183.15
2009-02-10,180.35
2009-02-11,180.2
2009-02-12,178.3
2009-02-13,179.3
2009-02-14,179.3
2009-02-15,179.3
2009-02-16,181.15
2009-02-17,180.55
2009-02-18,180.05
2009-02-19,181.05
2009-02-20,180.2
2009-02-21,180.2
2009-02-22,180.2
2009-02-23,180
2009-02-24,180.6
2009-02-25,181.9
2009-02-26,184.05
2009-02-27,183.05
2009-02-28,183.05
2009-03-01,183.05
2009-03-02,178.95
2009-03-03,172.05
2009-03-04,173.7
2009-03-05,167.05
2009-03-06,164.55
2009-03-07,164.55
2009-03-08,164.55
2009-03-09,158.35
2009-03-10,158.35
2009-03-11,158.35
2009-03-12,161.85
2009-03-13,165.35
2009-03-14,165.35
2009-03-15,165.35
2009-03-16,170.1
2009-03-17,173.4
2009-03-18,169.6
2009-03-19,169.75
2009-03-20,169.2
2009-03-21,169.2
2009-03-22,169.2
2009-03-23,174.4
2009-03-24,174.95
2009-03-25,177.75
2009-03-26,185.1
2009-03-27,186.3
2009-03-28,186.3
2009-03-29,186.3
2009-03-30,178.85
2009-03-31,184.85
2009-04-01,184.35
2009-04-02,185.3
2009-04-03,185.3
2009-04-04,185.3
2009-04-05,185
2009-04-06,179.8
2009-04-07,179.8
2009-04-08,189.85
2009-04-09,187.15
2009-04-10,187.15
2009-04-11,187.15
2009-04-12,187
2009-04-13,187
2009-04-14,187
2009-04-15,185.15
2009-04-16,191.7
2009-04-17,188.45
2009-04-18,188.45
2009-04-19,188.45
2009-04-20,184.7
2009-04-21,188.65
2009-04-22,190.5
2009-04-23,190
2009-04-24,190.55
2009-04-25,190.55
2009-04-26,190.55
2009-04-27,193.5
2009-04-28,187.55
2009-04-29,188.9
2009-04-30,188.9
2009-05-01,188.9
2009-05-02,188
2009-05-03,
2009
2009-05-04,205.65
2009-05-05,197.8
2009-05-06,192.55
2009-05-07,190.45
2009-05-08,188.4
2009-05-09,188.4
2009-05-10,188.4
2009-05-11,187.95
2009-05-12,191.35
2009-05-13,188.05
2009-05-14,186.8
2009-05-15,186.05
2009-05-16,186.05
2009-05-17,186.05
2009-05-18,206.75
2009-05-19,190.45
2009-05-20,186.45
2009-05-21,182.15
2009-05-22,183.6
2009-05-23,183.6
2009-05-24,183.6
2009-05-25,189.8
2009-05-26,184.05
2009-05-27,184.1
2009-05-28,183.9
2009-05-29,183.65
2009-05-30,183.65
2009-05-31,183.65
2009-06-01,192.4
2009-06-02,192.2
2009-06-03,203.05
2009-06-04,202.6
2009-06-05,191.35
2009-06-06,191.35
2009-06-07,191.35
2009-06-08,183.6
2009-06-09,190.8
2009-06-10,195.3
2009-06-11,197.6
2009-06-12,196.65
2009-06-13,196.65
2009-06-14,196.65
2009-06-15,197.5
2009-06-16,198.7
2009-06-17,193.8
2009-06-18,193.35
2009-06-19,200.6
2009-06-20,200.6
2009-06-21,200.6
2009-06-22,203.2
2009-06-23,197.4
2009-06-24,198.75
2009-06-25,193.15
2009-06-26,196.7
2009-06-27,196.7
2009-06-28,196.7
2009-06-29,193.7
2009-06-30,190.75
2009-07-01,191.3
2009-07-02,191.7
2009-07-03,191.7
2009-07-04,191.7
2009-07-05,191.7
2009-07-06,197.7
2009-07-07,211.2
2009-07-08,209.45
2009-07-09,213.4
2009-07-10,210.6
2009-07-11,210.6
2009-07-12,210.6
2009-07-13,210.85
2009-07-14,212.4
2009-07-15,217.25
2009-07-16,217.35
2009-07-17,229.25
2009-07-18,229.25
2009-07-19,229.25
2009-07-20,225.45
2009-07-21,219.65
2009-07-22,218
2009-07-23,229.75
2009-07-24,232.2
2009-07-25,232.2
2009-07-26,232.2
2009-07-27,238.85
2009-07-28,241
2009-07-29,237.7
2009-07-30,242.7
2009-07-31,249.2
2009-08-01,249.2
2009-08-02,249.2
2009-08-03,248.15
2009-08-04,246.5
2009-08-05,243.75
2009-08-06,234.1
2009-08-07,229.6
2009-08-08,229.6
2009-08-09,229.6
2009-08-10,224.35
2009-08-11,225.7
2009-08-12,227.85
2009-08-13,239.35
2009-08-14,234.95
2009-08-15,234.95
2009-08-16,234.95
2009-08-17,222.55
2009-08-18,224.7
2009-08-19,222.85
2009-08-20,225.15
2009-08-21,228.95
2009-08-22,228.95
2009-08-23,228.95
2009-08-24,239.95
2009-08-25,240.5
2009-08-26,239
2009-08-27,239.9
2009-08-28,236.6
2009-08-29,236.6
2009-08-30,236.6
2009-08-31,230.95
2009-09-01,230.15
2009-09-02,228.05
2009-09-03,226.8
2009-09-04,233.25
2009-09-05,233.25
2009-09-06,233.25
2009-09-07,231.05
2009-09-08,228.65
2009-09-09,227
2009-09-10,229.05
2009-09-11,227.1
2009-09-12,227.1
2009-09-13,227.1
2009-09-14,223.9
2009-09-15,229.05
2009-09-16,231.05
2009-09-17,228.8
2009-09-18,226.9
2009-09-19,226.9
2009-09-20,226.9
2009-09-21,226
2009-09-22,233.35
2009-09-23,230.5
2009-09-24,232.55
2009-09-25,235
2009-09-26,235
2009-09-27,235
2009-09-28,235
2009-09-29,234.25
2009-09-30,233.05
2009-10-01,232.55
2009-10-02,232.55
2009-10-03,232.55
2009-10-04,232
2009-10-05,238.55
2009-10-06,247.55
2009-10-07,244.95
2009-10-08,250.75
2009-10-09,249.65
2009-10-10,249.65
2009-10-11,249.65
2009-10-12,258.35
2009-10-13,258.35
2009-10-14,258.7
2009-10-15,256.4
2009-10-16,252.4
2009-10-17,250.5
2009-10-18,250.5
2009-10-19,250.5
2009-10-20,250.45
2009-10-21,243.7
2009-10-22,247.85
2009-10-23,260.2
2009-10-24,260.2
2009-10-25,260.2
2009-10-26,264.7
2009-10-27,260.6
2009-10-28,259.1
2009-10-29,259.3
2009-10-30,254.8
2009-10-31,254.8
2009-11-01,254.8
2009-11-02,254
2009-11-03,248.55
2009-11-04,254.6
2009-11-05,252.15
2009-11-06,248.85
2009-11-07,248.85
2009-11-08,248.85
2009-11-09,259.05
2009-11-10,257.45
2009-11-11,256.85
2009-11-12,252.95
2009-11-13,254.5
2009-11-14,254.5
2009-11-15,254.5
2009-11-16,255.6
2009-11-17,254.65
2009-11-18,258.75
2009-11-19,256.65
2009-11-20,259.9
2009-11-21,259.9
2009-11-22,259.9
2009-11-23,268.8
2009-11-24,263.8
2009-11-25,268.9
2009-11-26,261.3
2009-11-27,256.3
2009-11-28,256.3
2009-11-29,256.3
2009-11-30,257.1
2009-12-01,258.05
2009-12-02,257
2009-12-03,255.45
2009-12-04,256.7
2009-12-05,256.7
2009-12-06,256.7
2009-12-07,254.8
2009-12-08,258.6
2009-12-09,256.55
2009-12-10,254.2
2009-12-11,252.75
2009-12-12,252.75
2009-12-13,252.75
2009-12-14,250.7
2009-12-15,251.45
2009-12-16,249.4
2009-12-17,249.25
2009-12-18,247
2009-12-19,247
2009-12-20,247
2009-12-21,244.8
2009-12-22,246.25
2009-12-23,253.6
2009-12-24,255.85
2009-12-25,255.85
2009-12-26,255.85
2009-12-27,255
2009-12-28,
2009
2009-12-29,256.2
2009-12-30,250.7
2009-12-31,250.8
2010-01-01,250.8
2010-01-02,250.8
2010-01-03,250
2010-01-04,253.65
2010-01-05,256.15
2010-01-06,256.75
2010-01-07,255.95
2010-01-08,256.5
2010-01-09,256.5
2010-01-10,256.5
2010-01-11,256.6
2010-01-12,250.05
2010-01-13,248.95
2010-01-14,248.15
2010-01-15,252.75
2010-01-16,252.75
2010-01-17,252.75
2010-01-18,250.55
2010-01-19,249.9
2010-01-20,247.1
2010-01-21,244.5
2010-01-22,249.1
2010-01-23,249.1
2010-01-24,249.1
2010-01-25,255.1
2010-01-26,255.1
2010-01-27,255.9
2010-01-28,254.25
2010-01-29,250.15
2010-01-30,250.15
2010-01-31,250.15
2010-02-01,246.5
2010-02-02,244.4
2010-02-03,252.6
2010-02-04,253.35
2010-02-05,248.35
2010-02-06,248.05
2010-02-07,248.05
2010-02-08,245.35
2010-02-09,243.9
2010-02-10,243.9
2010-02-11,247.15
2010-02-12,247.15
2010-02-13,247.15
2010-02-14,247
2010-02-15,249.35
2010-02-16,250.15
2010-02-17,251.75
2010-02-18,248.25
2010-02-19,248.5
2010-02-20,248.5
2010-02-21,248.5
2010-02-22,247.6
2010-02-23,249.25
2010-02-24,247.65
2010-02-25,247.6
2010-02-26,232.25
2010-02-27,232.25
2010-02-28,232.25
2010-03-01,232
2010-03-02,241.95
2010-03-03,243.7
2010-03-04,246.05
2010-03-05,244.75
2010-03-06,244.75
2010-03-07,244.75
2010-03-08,251.25
2010-03-09,251.05
2010-03-10,254.25
2010-03-11,255.65
2010-03-12,258.45
2010-03-13,258.45
2010-03-14,258.45
2010-03-15,259.35
2010-03-16,259.8
2010-03-17,262.85
2010-03-18,261.25
2010-03-19,261.3
2010-03-20,261.3
2010-03-21,261.3
2010-03-22,261.6
2010-03-23,260.95
2010-03-24,260.95
2010-03-25,264.75
2010-03-26,264.4
2010-03-27,264.4
2010-03-28,264.4
2010-03-29,269.2
2010-03-30,268.85
2010-03-31,263.05
2010-04-01,264
2010-04-02,264
2010-04-03,264
2010-04-04,264
2010-04-05,264.8
2010-04-06,266.25
2010-04-07,269.45
2010-04-08,267.75
2010-04-09,269.25
2010-04-10,269.25
2010-04-11,269.25
2010-04-12,271.4
2010-04-13,268.6
2010-04-14,268.6
2010-04-15,262.75
2010-04-16,269.1
2010-04-17,269.1
2010-04-18,269.1
2010-04-19,264.85
2010-04-20,263.2
2010-04-21,262.45
2010-04-22,264.25
2010-04-23,266.95
2010-04-24,266.95
2010-04-25,266.95
2010-04-26,267.4
2010-04-27,269.55
2010-04-28,269.95
2010-04-29,267.15
2010-04-30,265.85
2010-05-01,265.85
2010-05-02,265.85
2010-05-03,264.95
2010-05-04,262.3
2010-05-05,262.15
2010-05-06,259.05
2010-05-07,259.15
2010-05-08,259.15
2010-05-09,259.15
2010-05-10,261.8
2010-05-11,259.55
2010-05-12,265.05
2010-05-13,266.5
2010-05-14,268.15
2010-05-15,268.15
2010-05-16,268.15
2010-05-17,266.15
2010-05-18,268.65
2010-05-19,259.2
2010-05-20,262.4
2010-05-21,271.3
2010-05-22,271.3
2010-05-23,271.3
2010-05-24,268.05
2010-05-25,260.5
2010-05-26,269.1
2010-05-27,275.9
2010-05-28,283.2
2010-05-29,283.2
2010-05-30,283.2
2010-05-31,283.2
2010-06-01,283
2010-06-02,281.3
2010-06-03,285.5
2010-06-04,290.85
2010-06-05,290.85
2010-06-06,290.85
2010-06-07,287.7
2010-06-08,289.7
2010-06-09,277.6
2010-06-10,280.05
2010-06-11,281.55
2010-06-12,281.55
2010-06-13,281.55
2010-06-14,286.1
2010-06-15,291.7
2010-06-16,290.9
2010-06-17,293.9
2010-06-18,294.9
2010-06-19,294.9
2010-06-20,294.9
2010-06-21,299.1
2010-06-22,301.8
2010-06-23,302.85
2010-06-24,305.75
2010-06-25,301.45
2010-06-26,301.45
2010-06-27,301.45
2010-06-28,297.65
2010-06-29,296.35
2010-06-30,305.45
2010-07-01,303
2010-07-02,302.55
2010-07-03,302.55
2010-07-04,302.55
2010-07-05,302.15
2010-07-06,302.9
2010-07-07,302
2010-07-08,303.15
2010-07-09,300.35
2010-07-10,300.35
2010-07-11,300.35
2010-07-12,299.95
2010-07-13,299.1
2010-07-14,298.5
2010-07-15,300.1
2010-07-16,298.35
2010-07-17,298.35
2010-07-18,298.35
2010-07-19,291.35
2010-07-20,291.45
2010-07-21,292.35
2010-07-22,297.7
2010-07-23,301.65
2010-07-24,301.65
2010-07-25,301.65
2010-07-26,302.7
2010-07-27,304.25
2010-07-28,307.35
2010-07-29,310.1
2010-07-30,308.75
2010-07-31,308.75
2010-08-01,308.75
2010-08-02,312.8
2010-08-03,154.4
2010-08-04,155.3
2010-08-05,155.8
2010-08-06,158.75
2010-08-07,158.75
2010-08-08,158.75
2010-08-09,158.95
2010-08-10,157.25
2010-08-11,154.95
2010-08-12,152.95
2010-08-13,156.25
2010-08-14,156.25
2010-08-15,156.25
2010-08-16,158.25
2010-08-17,159.55
2010-08-18,162.5
2010-08-19,165.3
2010-08-20,162.7
2010-08-21,162.7
2010-08-22,162.7
2010-08-23,159.5
2010-08-24,159.85
2010-08-25,160.5
2010-08-26,163.9
2010-08-27,161.2
2010-08-28,161.2
2010-08-29,161.2
2010-08-30,159.3
2010-08-31,163.15
2010-09-01,163.15
2010-09-02,165.45
2010-09-03,164
2010-09-04,164
2010-09-05,164
2010-09-06,165.8
2010-09-07,166.2
2010-09-08,164.3
2010-09-09,162.35
2010-09-10,162.35
2010-09-11,162.35
2010-09-12,162
2010-09-13,163.2
2010-09-14,165.2
2010-09-15,167.65
2010-09-16,167.4
2010-09-17,168.35
2010-09-18,168.35
2010-09-19,168.35
2010-09-20,176.65
2010-09-21,172.65
2010-09-22,174.7
2010-09-23,176.5
2010-09-24,179.25
2010-09-25,179.25
2010-09-26,179.25
2010-09-27,178.4
2010-09-28,178.4
2010-09-29,173.6
2010-09-30,178.3
2010-10-01,178.65
2010-10-02,178.65
2010-10-03,178.65
2010-10-04,175.25
2010-10-05,173.8
2010-10-06,172.9
2010-10-07,171.9
2010-10-08,172.45
2010-10-09,172.45
2010-10-10,172.45
2010-10-11,172.95
2010-10-12,170.95
2010-10-13,175.1
2010-10-14,175.05
2010-10-15,171.95
2010-10-16,171.95
2010-10-17,171.95
2010-10-18,171.55
2010-10-19,170.5
2010-10-20,168
2010-10-21,174.35
2010-10-22,171.2
2010-10-23,171.2
2010-10-24,171.2
2010-10-25,169.15
2010-10-26,171.75
2010-10-27,167.85
2010-10-28,167.05
2010-10-29,171.2
2010-10-30,171.2
2010-10-31,171.2
2010-11-01,171.85
2010-11-02,173.4
2010-11-03,175.55
2010-11-04,177
2010-11-05,177.15
2010-11-06,177.15
2010-11-07,177.15
2010-11-08,175.65
2010-11-09,177.8
2010-11-10,177
2010-11-11,175.35
2010-11-12,173.85
2010-11-13,173.85
2010-11-14,173.85
2010-11-15,175.15
2010-11-16,169.95
2010-11-17,169.95
2010-11-18,171.95
2010-11-19,170.95
2010-11-20,170.95
2010-11-21,170.95
2010-11-22,175.9
2010-11-23,172.5
2010-11-24,173.7
2010-11-25,169.7
2010-11-26,167.65
2010-11-27,167.65
2010-11-28,167.65
2010-11-29,168.6
2010-11-30,171.9
2010-12-01,171.4
2010-12-02,170.9
2010-12-03,171.3
2010-12-04,171.3
2010-12-05,171.3
2010-12-06,169.05
2010-12-07,168.2
2010-12-08,166.75
2010-12-09,167.3
2010-12-10,170.3
2010-12-11,170.3
2010-12-12,170.3
2010-12-13,167.15
2010-12-14,168.4
2010-12-15,167
2010-12-16,168.05
2010-12-17,168.05
2010-12-18,168.05
2010-12-19,168
2010-12-20,166.95
2010-12-21,167.15
2010-12-22,167.4
2010-12-23,166.9
2010-12-24,169.9
2010-12-25,169.9
2010-12-26,169.9
2010-12-27,169.75
2010-12-28,171.2
2010-12-29,174.2
2010-12-30,174.55
2010-12-31,174.65
2011-01-01,174.65
2011-01-02,174.65
2011-01-03,174.8
2011-01-04,177.5
2011-01-05,179.8
2011-01-06,178.9
2011-01-07,172.5
2011-01-08,172.5
2011-01-09,172.5
2011-01-10,170.6
2011-01-11,170.1
2011-01-12,173.75
2011-01-13,173.15
2011-01-14,170.55
2011-01-15,170.55
2011-01-16,170.55
2011-01-17,171.95
2011-01-18,176.15
2011-01-19,175.45
2011-01-20,171.65
2011-01-21,168.9
2011-01-22,168.9
2011-01-23,168.9
2011-01-24,169.1
2011-01-25,168
2011-01-26,168
2011-01-27,167.8
2011-01-28,168.15
2011-01-29,168.15
2011-01-30,168.15
2011-01-31,162.6
2011-02-01,159.6
2011-02-02,159
2011-02-03,159.45
2011-02-04,153
2011-02-05,153
2011-02-06,153
2011-02-07,157.1
2011-02-08,156.1
2011-02-09,153.9
2011-02-10,156.15
2011-02-11,155.1
2011-02-12,155.1
2011-02-13,155.1
2011-02-14,157.5
2011-02-15,157.1
2011-02-16,156.9
2011-02-17,158.45
2011-02-18,155.75
2011-02-19,155.75
2011-02-20,155.75
2011-02-21,158.2
2011-02-22,156.7
2011-02-23,155.6
2011-02-24,150.65
2011-02-25,156.3
2011-02-26,156.3
2011-02-27,156.3
2011-02-28,169
2011-03-01,173.6
2011-03-02,173.6
2011-03-03,173.55
2011-03-04,172.4
2011-03-05,172.4
2011-03-06,172.4
2011-03-07,172.65
2011-03-08,171.95
2011-03-09,171.75
2011-03-10,171.3
2011-03-11,171.35
2011-03-12,171.35
2011-03-13,171.35
2011-03-14,173.45
2011-03-15,170.1
2011-03-16,171.2
2011-03-17,168.05
2011-03-18,167.95
2011-03-19,167.95
2011-03-20,167.95
2011-03-21,167.9
2011-03-22,170.05
2011-03-23,171.95
2011-03-24,173
2011-03-25,177.45
2011-03-26,177.45
2011-03-27,177.45
2011-03-28,178.7
2011-03-29,179.25
2011-03-30,177.6
2011-03-31,182.1
2011-04-01,182.5
2011-04-02,182.5
2011-04-03,182.5
2011-04-04,184.85
2011-04-05,184.2
2011-04-06,182.95
2011-04-07,182.55
2011-04-08,183.75
2011-04-09,183.75
2011-04-10,183.75
2011-04-11,185
2011-04-12,185
2011-04-13,190.1
2011-04-14,190.1
2011-04-15,191.5
2011-04-16,191.5
2011-04-17,191.5
2011-04-18,190.2
2011-04-19,187.5
2011-04-20,190.6
2011-04-21,190.15
2011-04-22,190.15
2011-04-23,190.15
2011-04-24,190
2011-04-25,190.25
2011-04-26,191.65
2011-04-27,193.65
2011-04-28,191.85
2011-04-29,192.35
2011-04-30,192.35
2011-05-01,192.35
2011-05-02,191.15
2011-05-03,186.85
2011-05-04,186.8
2011-05-05,182.5
2011-05-06,183.6
2011-05-07,183.6
2011-05-08,183.6
2011-05-09,184.45
2011-05-10,185.6
2011-05-11,186.35
2011-05-12,183.8
2011-05-13,189
2011-05-14,189
2011-05-15,189
2011-05-16,186.1
2011-05-17,187.85
2011-05-18,188.95
2011-05-19,189.05
2011-05-20,186.55
2011-05-21,186.55
2011-05-22,186.55
2011-05-23,190.2
2011-05-24,186.95
2011-05-25,189.1
2011-05-26,187
2011-05-27,188.95
2011-05-28,188.95
2011-05-29,188.95
2011-05-30,187.6
2011-05-31,193.35
2011-06-01,193.85
2011-06-02,195.3
2011-06-03,193.45
2011-06-04,193.45
2011-06-05,193.45
2011-06-06,192.8
2011-06-07,193.55
2011-06-08,194.95
2011-06-09,195
2011-06-10,191.65
2011-06-11,191.65
2011-06-12,191.65
2011-06-13,190.9
2011-06-14,193.85
2011-06-15,194.15
2011-06-16,194
2011-06-17,191.75
2011-06-18,191.75
2011-06-19,191.75
2011-06-20,186.45
2011-06-21,184.85
2011-06-22,185.2
2011-06-23,191.45
2011-06-24,195.1
2011-06-25,195.1
2011-06-26,195.1
2011-06-27,193.6
2011-06-28,193.85
2011-06-29,199.55
2011-06-30,202.95
2011-07-01,201.55
2011-07-02,201.55
2011-07-03,201.55
2011-07-04,198.75
2011-07-05,195.65
2011-07-06,196.7
2011-07-07,203.4
2011-07-08,200.55
2011-07-09,200.55
2011-07-10,200.55
2011-07-11,202.6
2011-07-12,201.65
2011-07-13,204
2011-07-14,203
2011-07-15,201.75
2011-07-16,201.75
2011-07-17,201.75
2011-07-18,201.65
2011-07-19,204.1
2011-07-20,205.75
2011-07-21,207.1
2011-07-22,207.4
2011-07-23,207.4
2011-07-24,207.4
2011-07-25,205.4
2011-07-26,200.9
2011-07-27,200.9
2011-07-28,206.25
2011-07-29,208.35
2011-07-30,208.35
2011-07-31,208.35
2011-08-01,208.9
2011-08-02,204.75
2011-08-03,206.85
2011-08-04,199.95
2011-08-05,196.4
2011-08-06,196.4
2011-08-07,196.4
2011-08-08,195
2011-08-09,199.75
2011-08-10,197.1
2011-08-11,198.75
2011-08-12,198
2011-08-13,198
2011-08-14,198
2011-08-15,198
2011-08-16,200.5
2011-08-17,204.25
2011-08-18,203.85
2011-08-19,199.2
2011-08-20,199.2
2011-08-21,199.2
2011-08-22,202
2011-08-23,203.2
2011-08-24,201.95
2011-08-25,202.35
2011-08-26,196.85
2011-08-27,196.85
2011-08-28,196.85
2011-08-29,201.95
2011-08-30,200
2011-08-31,200
2011-09-01,200
2011-09-02,203.25
2011-09-03,203.25
2011-09-04,203.25
2011-09-05,202.75
2011-09-06,202.8
2011-09-07,200.05
2011-09-08,199.15
2011-09-09,197.65
2011-09-10,197.65
2011-09-11,197.65
2011-09-12,196.2
2011-09-13,197.05
2011-09-14,199.45
2011-09-15,199.4
2011-09-16,197.95
2011-09-17,197.95
2011-09-18,197.95
2011-09-19,195.35
2011-09-20,198.5
2011-09-21,197.6
2011-09-22,190.95
2011-09-23,191.65
2011-09-24,191.65
2011-09-25,191.65
2011-09-26,188.5
2011-09-27,193.45
2011-09-28,197.1
2011-09-29,202.25
2011-09-30,198
2011-10-01,198
2011-10-02,198
2011-10-03,194.35
2011-10-04,191.65
2011-10-05,194.1
2011-10-06,194.1
2011-10-07,199.15
2011-10-08,199.15
2011-10-09,199.15
2011-10-10,200.1
2011-10-11,199.55
2011-10-12,204
2011-10-13,201.9
2011-10-14,205.2
2011-10-15,205.2
2011-10-16,205.2
2011-10-17,205.75
2011-10-18,204.25
2011-10-19,207.1
2011-10-20,205.05
2011-10-21,204
2011-10-22,204
2011-10-23,204
2011-10-24,206.95
2011-10-25,211.05
2011-10-26,212.2
2011-10-27,212.2
2011-10-28,215.5
2011-10-29,215.5
2011-10-30,215.5
2011-10-31,213.15
2011-11-01,208.3
2011-11-02,209.35
2011-11-03,210.2
2011-11-04,210.35
2011-11-05,210.35
2011-11-06,210.35
2011-11-07,210
2011-11-08,210.8
2011-11-09,212
2011-11-10,212
2011-11-11,212.65
2011-11-12,212.65
2011-11-13,212.65
2011-11-14,211.5
2011-11-15,210.65
2011-11-16,212.6
2011-11-17,207.75
2011-11-18,201.8
2011-11-19,201.8
2011-11-20,201.8
2011-11-21,199.45
2011-11-22,196.2
2011-11-23,193.3
2011-11-24,192.3
2011-11-25,192.25
2011-11-26,192.25
2011-11-27,192.25
2011-11-28,196.45
2011-11-29,197.9
2011-11-30,200.7
2011-12-01,203.65
2011-12-02,206.5
2011-12-03,206.5
2011-12-04,206.5
2011-12-05,204.15
2011-12-06,204.15
2011-12-07,204.95
2011-12-08,199
2011-12-09,197.15
2011-12-10,197.15
2011-12-11,197.15
2011-12-12,196
2011-12-13,197.35
2011-12-14,199.85
2011-12-15,199.6
2011-12-16,195.8
2011-12-17,195.8
2011-12-18,195.8
2011-12-19,197.5
2011-12-20,199.4
2011-12-21,202.25
2011-12-22,203.75
2011-12-23,204
2011-12-24,204
2011-12-25,204
2011-12-26,204.95
2011-12-27,205.05
2011-12-28,202.05
2011-12-29,200.7
2011-12-30,201.3
2011-12-31,201.3
2012-01-01,201.3
2012-01-02,198.65
2012-01-03,200.35
2012-01-04,199.55
2012-01-05,199.8
2012-01-06,202.1
2012-01-07,201.65
2012-01-08,201.65
2012-01-09,202
2012-01-10,205.15
2012-01-11,203.3
2012-01-12,204.95
2012-01-13,207.05
2012-01-14,207.05
2012-01-15,207.05
2012-01-16,209.1
2012-01-17,208.4
2012-01-18,209.8
2012-01-19,209.2
2012-01-20,201.3
2012-01-21,201.3
2012-01-22,201.3
2012-01-23,204.6
2012-01-24,205.95
2012-01-25,206.05
2012-01-26,206.05
2012-01-27,201.8
2012-01-28,201.8
2012-01-29,201.8
2012-01-30,200.85
2012-01-31,203.95
2012-02-01,201.6
2012-02-02,199.05
2012-02-03,200.65
2012-02-04,200.65
2012-02-05,200.65
2012-02-06,202.4
2012-02-07,205.55
2012-02-08,204.45
2012-02-09,203.9
2012-02-10,203.8
2012-02-11,203.8
2012-02-12,203.8
2012-02-13,202.8
2012-02-14,202.55
2012-02-15,203.15
2012-02-16,203.95
2012-02-17,205.45
2012-02-18,205.45
2012-02-19,205.45
2012-02-20,205
2012-02-21,207.4
2012-02-22,208.55
2012-02-23,208.6
2012-02-24,209.4
2012-02-25,209.4
2012-02-26,209.4
2012-02-27,212.3
2012-02-28,210.7
2012-02-29,207.65
2012-03-01,206.85
2012-03-02,205.25
2012-03-03,205
2012-03-04,205
2012-03-05,207
2012-03-06,210.4
2012-03-07,209.95
2012-03-08,209.95
2012-03-09,208.25
2012-03-10,208.25
2012-03-11,208.25
2012-03-12,206.8
2012-03-13,209.05
2012-03-14,212.5
2012-03-15,208.9
2012-03-16,216.15
2012-03-17,216.15
2012-03-18,216.15
2012-03-19,220.5
2012-03-20,223.6
2012-03-21,223.85
2012-03-22,219.7
2012-03-23,222.45
2012-03-24,222.45
2012-03-25,222.45
2012-03-26,222.7
2012-03-27,226.05
2012-03-28,226.8
2012-03-29,224.55
2012-03-30,226.9
2012-03-31,226.9
2012-04-01,226.9
2012-04-02,226.95
2012-04-03,227.1
2012-04-04,227.4
2012-04-05,227.4
2012-04-06,227.4
2012-04-07,227
2012-04-08,
2012
2012-04-09,224.05
2012-04-10,229.35
2012-04-11,229.75
2012-04-12,234.75
2012-04-13,236.25
2012-04-14,236.25
2012-04-15,236.25
2012-04-16,241.05
2012-04-17,246.2
2012-04-18,241.75
2012-04-19,244.05
2012-04-20,245.2
2012-04-21,245.2
2012-04-22,245.2
2012-04-23,244.75
2012-04-24,245.05
2012-04-25,245.95
2012-04-26,249.05
2012-04-27,245.8
2012-04-28,246.9
2012-04-29,246.9
2012-04-30,245.5
2012-05-01,245.5
2012-05-02,244.6
2012-05-03,241.7
2012-05-04,238.15
2012-05-05,238.15
2012-05-06,238.15
2012-05-07,236.35
2012-05-08,226.9
2012-05-09,239.9
2012-05-10,239.25
2012-05-11,234.25
2012-05-12,234.25
2012-05-13,234.25
2012-05-14,234.5
2012-05-15,230.85
2012-05-16,227.3
2012-05-17,234.75
2012-05-18,239.55
2012-05-19,239.55
2012-05-20,239.55
2012-05-21,234.85
2012-05-22,232.75
2012-05-23,231.7
2012-05-24,233.35
2012-05-25,231.85
2012-05-26,231.85
2012-05-27,231.85
2012-05-28,235.05
2012-05-29,230.9
2012-05-30,231.9
2012-05-31,229.35
2012-06-01,233.85
2012-06-02,233.85
2012-06-03,233.85
2012-06-04,230.1
2012-06-05,225.9
2012-06-06,234.55
2012-06-07,236.35
2012-06-08,239.2
2012-06-09,239.2
2012-06-10,239.2
2012-06-11,239.75
2012-06-12,243.05
2012-06-13,244.05
2012-06-14,244.7
2012-06-15,248
2012-06-16,248
2012-06-17,248
2012-06-18,243.2
2012-06-19,249.4
2012-06-20,246.05
2012-06-21,251.4
2012-06-22,250.5
2012-06-23,250.5
2012-06-24,250.5
2012-06-25,250.05
2012-06-26,247.05
2012-06-27,247.8
2012-06-28,251.3
2012-06-29,258.9
2012-06-30,258.9
2012-07-01,258.9
2012-07-02,250.05
2012-07-03,246.5
2012-07-04,246.15
2012-07-05,250.6
2012-07-06,252.75
2012-07-07,252.75
2012-07-08,252.75
2012-07-09,251.65
2012-07-10,258.4
2012-07-11,253.3
2012-07-12,251.7
2012-07-13,253.55
2012-07-14,253.55
2012-07-15,253.55
2012-07-16,252.05
2012-07-17,255.5
2012-07-18,254.95
2012-07-19,254.1
2012-07-20,252.85
2012-07-21,252.85
2012-07-22,252.85
2012-07-23,249.55
2012-07-24,250.3
2012-07-25,254.75
2012-07-26,249.45
2012-07-27,254.95
2012-07-28,254.95
2012-07-29,254.95
2012-07-30,258.2
2012-07-31,258.15
2012-08-01,259.05
2012-08-02,261.45
2012-08-03,259.35
2012-08-04,259.35
2012-08-05,259.35
2012-08-06,258.4
2012-08-07,261.3
2012-08-08,261.55
2012-08-09,265.6
2012-08-10,267.75
2012-08-11,267.75
2012-08-12,267.75
2012-08-13,266.9
2012-08-14,267.8
2012-08-15,267.8
2012-08-16,258.35
2012-08-17,262.1
2012-08-18,262.1
2012-08-19,262.1
2012-08-20,262
2012-08-21,260.75
2012-08-22,261.65
2012-08-23,264.25
2012-08-24,265.15
2012-08-25,265.15
2012-08-26,265.15
2012-08-27,265.35
2012-08-28,268.15
2012-08-29,269.35
2012-08-30,270.6
2012-08-31,267.65
2012-09-01,267.65
2012-09-02,267.65
2012-09-03,267.6
2012-09-04,266.5
2012-09-05,267.75
2012-09-06,260.45
2012-09-07,262.75
2012-09-08,263.35
2012-09-09,263.35
2012-09-10,264.65
2012-09-11,267.3
2012-09-12,269.3
2012-09-13,269.65
2012-09-14,268.25
2012-09-15,268.25
2012-09-16,268.25
2012-09-17,253.5
2012-09-18,254.2
2012-09-19,254.2
2012-09-20,256.45
2012-09-21,261.6
2012-09-22,261.6
2012-09-23,261.6
2012-09-24,255.85
2012-09-25,260.8
2012-09-26,263.8
2012-09-27,266.95
2012-09-28,272.4
2012-09-29,272.4
2012-09-30,272.4
2012-10-01,273.25
2012-10-02,273.25
2012-10-03,270.25
2012-10-04,275.3
2012-10-05,275.65
2012-10-06,275.65
2012-10-07,275.65
2012-10-08,277.75
2012-10-09,280.05
2012-10-10,281
2012-10-11,283.5
2012-10-12,283.5
2012-10-13,283.5
2012-10-14,283.5
2012-10-15,286.75
2012-10-16,286.45
2012-10-17,288.25
2012-10-18,291.6
2012-10-19,297.5
2012-10-20,297.5
2012-10-21,297.5
2012-10-22,294
2012-10-23,290
2012-10-24,290
2012-10-25,292.05
2012-10-26,285.85
2012-10-27,285.85
2012-10-28,285.85
2012-10-29,288.25
2012-10-30,284.1
2012-10-31,282.55
2012-11-01,279.3
2012-11-02,283.2
2012-11-03,283.2
2012-11-04,283.2
2012-11-05,288.65
2012-11-06,289.15
2012-11-07,289.95
2012-11-08,289
2012-11-09,288.15
2012-11-10,288.15
2012-11-11,288.15
2012-11-12,283.8
2012-11-13,283.9
2012-11-14,283.9
2012-11-15,276.45
2012-11-16,274.65
2012-11-17,274.65
2012-11-18,274.65
2012-11-19,281.7
2012-11-20,280.55
2012-11-21,286.1
2012-11-22,289
2012-11-23,286.6
2012-11-24,286.6
2012-11-25,286.6
2012-11-26,287.1
2012-11-27,294.25
2012-11-28,294.25
2012-11-29,298
2012-11-30,298.5
2012-12-01,298.5
2012-12-02,298.5
2012-12-03,296.15
2012-12-04,295.15
2012-12-05,297.9
2012-12-06,301.35
2012-12-07,301.5
2012-12-08,301.5
2012-12-09,301.5
2012-12-10,301.95
2012-12-11,303.3
2012-12-12,305.95
2012-12-13,295.25
2012-12-14,295.95
2012-12-15,295.95
2012-12-16,295.95
2012-12-17,293.05
2012-12-18,293.1
2012-12-19,290.1
2012-12-20,287.1
2012-12-21,287.05
2012-12-22,287.05
2012-12-23,287.05
2012-12-24,287.05
2012-12-25,287.05
2012-12-26,290.5
2012-12-27,288.4
2012-12-28,289.4
2012-12-29,289.4
2012-12-30,289.4
2012-12-31,286.8
2013-01-01,287.25
2013-01-02,285.4
2013-01-03,283.55
2013-01-04,282.4
2013-01-05,282.4
2013-01-06,282.4
2013-01-07,279.05
2013-01-08,285.7
2013-01-09,279.5
2013-01-10,281
2013-01-11,273.4
2013-01-12,273.4
2013-01-13,273.4
2013-01-14,277.9
2013-01-15,284.1
2013-01-16,284
2013-01-17,285.3
2013-01-18,287.45
2013-01-19,287.45
2013-01-20,287.45
2013-01-21,291.55
2013-01-22,289.15
2013-01-23,292.75
2013-01-24,297.45
2013-01-25,299.75
2013-01-26,299.75
2013-01-27,299.75
2013-01-28,300.75
2013-01-29,305.15
2013-01-30,304.2
2013-01-31,307.65
2013-02-01,309.4
2013-02-02,309.4
2013-02-03,309.4
2013-02-04,307.25
2013-02-05,302.45
2013-02-06,304.85
2013-02-07,304.05
2013-02-08,301.75
2013-02-09,301.75
2013-02-10,301.75
2013-02-11,299.15
2013-02-12,300.05
2013-02-13,300.35
2013-02-14,300.75
2013-02-15,300.6
2013-02-16,300.6
2013-02-17,300.6
2013-02-18,300.3
2013-02-19,301.65
2013-02-20,300
2013-02-21,296.6
2013-02-22,292
2013-02-23,292
2013-02-24,292
2013-02-25,292.65
2013-02-26,290.85
2013-02-27,294.8
2013-02-28,294.8
2013-03-01,291.25
2013-03-02,291.25
2013-03-03,291.25
2013-03-04,292.5
2013-03-05,292.6
2013-03-06,287.05
2013-03-07,292.35
2013-03-08,297.7
2013-03-09,297.7
2013-03-10,297.7
2013-03-11,297.55
2013-03-12,298.85
2013-03-13,301.65
2013-03-14,301.9
2013-03-15,301.9
2013-03-16,301.9
2013-03-17,301.9
2013-03-18,304.25
2013-03-19,306.3
2013-03-20,307.2
2013-03-21,305
2013-03-22,305.6
2013-03-23,305.6
2013-03-24,305.6
2013-03-25,302.4
2013-03-26,306.35
2013-03-27,306.35
2013-03-28,309.45
2013-03-29,309.45
2013-03-30,309.45
2013-03-31,309
2013-04-01,307.2
2013-04-02,307.15
2013-04-03,307.6
2013-04-04,299.55
2013-04-05,291.3
2013-04-06,291.3
2013-04-07,291.3
2013-04-08,292.85
2013-04-09,287.2
2013-04-10,284.85
2013-04-11,285.3
2013-04-12,292.9
2013-04-13,292.9
2013-04-14,292.9
2013-04-15,299.95
2013-04-16,307.95
2013-04-17,313.1
2013-04-18,315.3
2013-04-19,315.3
2013-04-20,315.3
2013-04-21,315
2013-04-22,317
2013-04-23,317.6
2013-04-24,317.6
2013-04-25,319.85
2013-04-26,318.9
2013-04-27,318.9
2013-04-28,318.9
2013-04-29,324.65
2013-04-30,328.85
2013-05-01,328.85
2013-05-02,333.55
2013-05-03,330.7
2013-05-04,330.7
2013-05-05,330.7
2013-05-06,326.2
2013-05-07,335.3
2013-05-08,342.8
2013-05-09,344.5
2013-05-10,353.15
2013-05-11,354.15
2013-05-12,354.15
2013-05-13,335.8
2013-05-14,335.85
2013-05-15,342.45
2013-05-16,337
2013-05-17,334.9
2013-05-18,334.9
2013-05-19,334.9
2013-05-20,334.65
2013-05-21,331
2013-05-22,335.55
2013-05-23,332.5
2013-05-24,329.9
2013-05-25,329.9
2013-05-26,329.9
2013-05-27,333.9
2013-05-28,340
2013-05-29,342.65
2013-05-30,354.3
2013-05-31,339.9
2013-06-01,339.9
2013-06-02,339.9
2013-06-03,336.05
2013-06-04,337.3
2013-06-05,334
2013-06-06,334.9
2013-06-07,333.85
2013-06-08,333.85
2013-06-09,333.85
2013-06-10,337
2013-06-11,334.35
2013-06-12,331
2013-06-13,327
2013-06-14,331.75
2013-06-15,331.75
2013-06-16,331.75
2013-06-17,331.85
2013-06-18,330.15
2013-06-19,329.9
2013-06-20,322.7
2013-06-21,322.35
2013-06-22,322.35
2013-06-23,322.35
2013-06-24,314.4
2013-06-25,319.7
2013-06-26,322.95
2013-06-27,321.7
2013-06-28,324.35
2013-06-29,324.35
2013-06-30,324.35
2013-07-01,325.95
2013-07-02,324.85
2013-07-03,326.35
2013-07-04,338.85
2013-07-05,342.6
2013-07-06,342.6
2013-07-07,342.6
2013-07-08,346.7
2013-07-09,347.45
2013-07-10,345.55
2013-07-11,353.4
2013-07-12,350.6
2013-07-13,350.6
2013-07-14,350.6
2013-07-15,352.6
2013-07-16,360.05
2013-07-17,368.35
2013-07-18,368.65
2013-07-19,369.05
2013-07-20,369.05
2013-07-21,369.05
2013-07-22,368.8
2013-07-23,375.75
2013-07-24,375.8
2013-07-25,358.9
2013-07-26,368.15
2013-07-27,368.15
2013-07-28,368.15
2013-07-29,357.95
2013-07-30,350.6
2013-07-31,341.7
2013-08-01,339.4
2013-08-02,332.95
2013-08-03,332.95
2013-08-04,332.95
2013-08-05,335.4
2013-08-06,330.25
2013-08-07,322.1
2013-08-08,325.35
2013-08-09,325.35
2013-08-10,325.35
2013-08-11,325
2013-08-12,335.65
2013-08-13,334.2
2013-08-14,334.85
2013-08-15,334.85
2013-08-16,320.4
2013-08-17,320.4
2013-08-18,320.4
2013-08-19,313.9
2013-08-20,315.3
2013-08-21,300.85
2013-08-22,307.95
2013-08-23,308.5
2013-08-24,308.5
2013-08-25,308.5
2013-08-26,307.5
2013-08-27,297.9
2013-08-28,298.2
2013-08-29,305.55
2013-08-30,308.7
2013-08-31,308.7
2013-09-01,308.7
2013-09-02,320.4
2013-09-03,300.7
2013-09-04,299.85
2013-09-05,312.15
2013-09-06,316.4
2013-09-07,316.4
2013-09-08,316.4
2013-09-09,316
2013-09-10,335.9
2013-09-11,329.95
2013-09-12,336.5
2013-09-13,331.35
2013-09-14,331.35
2013-09-15,331.35
2013-09-16,333.95
2013-09-17,338.7
2013-09-18,343.55
2013-09-19,355.45
2013-09-20,355.3
2013-09-21,355.3
2013-09-22,355.3
2013-09-23,349.85
2013-09-24,348.95
2013-09-25,344.75
2013-09-26,349.3
2013-09-27,347.9
2013-09-28,347.9
2013-09-29,347.9
2013-09-30,340.4
2013-10-01,343
2013-10-02,343
2013-10-03,338.75
2013-10-04,339.85
2013-10-05,339.85
2013-10-06,339.85
2013-10-07,340.05
2013-10-08,347.65
2013-10-09,348.55
2013-10-10,347.15
2013-10-11,342.2
2013-10-12,342.2
2013-10-13,342.2
2013-10-14,339.8
2013-10-15,340
2013-10-16,340
2013-10-17,345.5
2013-10-18,354.55
2013-10-19,354.55
2013-10-20,354.55
2013-10-21,344.7
2013-10-22,341.55
2013-10-23,341.6
2013-10-24,342.75
2013-10-25,340.05
2013-10-26,340.05
2013-10-27,340.05
2013-10-28,327.95
2013-10-29,327.9
2013-10-30,333.1
2013-10-31,335
2013-11-01,328.05
2013-11-02,328.05
2013-11-03,330.6
2013-11-04,330.6
2013-11-05,319
2013-11-06,318.7
2013-11-07,320.45
2013-11-08,319.55
2013-11-09,319.55
2013-11-10,319.55
2013-11-11,316.65
2013-11-12,319.9
2013-11-13,314.15
2013-11-14,314.45
2013-11-15,314.45
2013-11-16,314.45
2013-11-17,314
2013-11-18,326.1
2013-11-19,323.5
2013-11-20,320.75
2013-11-21,312.95
2013-11-22,308.7
2013-11-23,308.7
2013-11-24,308.7
2013-11-25,316.2
2013-11-26,310.75
2013-11-27,314.15
2013-11-28,313.5
2013-11-29,320.4
2013-11-30,320.4
2013-12-01,320.4
2013-12-02,321.5
2013-12-03,319.2
2013-12-04,312.85
2013-12-05,308.75
2013-12-06,311.05
2013-12-07,311.05
2013-12-08,311.05
2013-12-09,313.05
2013-12-10,317.9
2013-12-11,320.85
2013-12-12,316.8
2013-12-13,315.3
2013-12-14,315.3
2013-12-15,315.3
2013-12-16,312.8
2013-12-17,315.3
2013-12-18,315.55
2013-12-19,313.65
2013-12-20,315.2
2013-12-21,315.2
2013-12-22,315.2
2013-12-23,319.2
2013-12-24,319.05
2013-12-25,319.05
2013-12-26,320.25
2013-12-27,322.45
2013-12-28,322.45
2013-12-29,322.45
2013-12-30,322.4
2013-12-31,321.85
2014-01-01,322.4
2014-01-02,314.95
2014-01-03,314.75
2014-01-04,314.75
2014-01-05,314.75
2014-01-06,315.65
2014-01-07,316.7
2014-01-08,316.85
2014-01-09,315.6
2014-01-10,322.6
2014-01-11,322.6
2014-01-12,322.6
2014-01-13,325.45
2014-01-14,324.45
2014-01-15,328.85
2014-01-16,325.5
2014-01-17,324.85
2014-01-18,324.85
2014-01-19,324.85
2014-01-20,330.2
2014-01-21,329.05
2014-01-22,327.35
2014-01-23,328.95
2014-01-24,324.25
2014-01-25,324.25
2014-01-26,324.25
2014-01-27,324.2
2014-01-28,326.65
2014-01-29,325
2014-01-30,324.6
2014-01-31,325.1
2014-02-01,325.1
2014-02-02,325.1
2014-02-03,320.3
2014-02-04,324.9
2014-02-05,318.95
2014-02-06,324.55
2014-02-07,323.45
2014-02-08,323.45
2014-02-09,323.45
2014-02-10,325
2014-02-11,325.1
2014-02-12,320.55
2014-02-13,316.9
2014-02-14,319.8
2014-02-15,319.8
2014-02-16,319.8
2014-02-17,320.1
2014-02-18,316.9
2014-02-19,316.65
2014-02-20,311.85
2014-02-21,317.6
2014-02-22,317.6
2014-02-23,317.6
2014-02-24,320.05
2014-02-25,321.95
2014-02-26,328.75
2014-02-27,328.75
2014-02-28,327.65
2014-03-01,327.65
2014-03-02,327.65
2014-03-03,329.2
2014-03-04,331.65
2014-03-05,333.3
2014-03-06,334.55
2014-03-07,338.15
2014-03-08,338.15
2014-03-09,338.15
2014-03-10,335.6
2014-03-11,334
2014-03-12,341
2014-03-13,343.4
2014-03-14,347.2
2014-03-15,347.2
2014-03-16,347.2
2014-03-17,347
2014-03-18,355.9
2014-03-19,359.7
2014-03-20,355.8
2014-03-21,357.7
2014-03-22,356.6
2014-03-23,356.6
2014-03-24,360.65
2014-03-25,362.8
2014-03-26,359.05
2014-03-27,359.9
2014-03-28,358.45
2014-03-29,358.45
2014-03-30,358.45
2014-03-31,352.85
2014-04-01,351.95
2014-04-02,344.35
2014-04-03,345.9
2014-04-04,344.75
2014-04-05,344.75
2014-04-06,344.75
2014-04-07,345.45
2014-04-08,345.45
2014-04-09,347.95
2014-04-10,343.85
2014-04-11,343.5
2014-04-12,343.5
2014-04-13,343.5
2014-04-14,343
2014-04-15,340.95
2014-04-16,346.05
2014-04-17,353.25
2014-04-18,353.25
2014-04-19,353.25
2014-04-20,353
2014-04-21,353.4
2014-04-22,350.75
2014-04-23,353.2
2014-04-24,353.2
2014-04-25,343.45
2014-04-26,343.45
2014-04-27,343.45
2014-04-28,342
2014-04-29,340.3
2014-04-30,340.75
2014-05-01,340.75
2014-05-02,340.25
2014-05-03,340.25
2014-05-04,340.25
2014-05-05,344.7
2014-05-06,347.95
2014-05-07,346.65
2014-05-08,342.15
2014-05-09,345.55
2014-05-10,345.55
2014-05-11,345.55
2014-05-12,359.15
2014-05-13,360.85
2014-05-14,365.65
2014-05-15,368.15
2014-05-16,356.95
2014-05-17,356.95
2014-05-18,356.95
2014-05-19,338.1
2014-05-20,340.85
2014-05-21,341.65
2014-05-22,345.8
2014-05-23,343.1
2014-05-24,343.1
2014-05-25,343.1
2014-05-26,344.65
2014-05-27,343.8
2014-05-28,342.85
2014-05-29,342.5
2014-05-30,341.75
2014-05-31,341.75
2014-06-01,341.75
2014-06-02,336.65
2014-06-03,333.4
2014-06-04,330.95
2014-06-05,333.75
2014-06-06,336.7
2014-06-07,336.7
2014-06-08,336.7
2014-06-09,337.95
2014-06-10,337.35
2014-06-11,333.3
2014-06-12,334.1
2014-06-13,332.6
2014-06-14,332.6
2014-06-15,332.6
2014-06-16,336.2
2014-06-17,336.05
2014-06-18,332.95
2014-06-19,336.25
2014-06-20,335.7
2014-06-21,335.7
2014-06-22,335.7
2014-06-23,314.95
2014-06-24,320.5
2014-06-25,316.05
2014-06-26,316.25
2014-06-27,319.75
2014-06-28,319.75
2014-06-29,319.75
2014-06-30,325.05
2014-07-01,325.2
2014-07-02,329.35
2014-07-03,331.35
2014-07-04,333.4
2014-07-05,333.4
2014-07-06,333.4
2014-07-07,334.8
2014-07-08,335.8
2014-07-09,341.5
2014-07-10,342.15
2014-07-11,345.9
2014-07-12,345.9
2014-07-13,345.9
2014-07-14,344.95
2014-07-15,342.35
2014-07-16,344.2
2014-07-17,344.25